user_id,post_id,interaction_type
4snwyct86m383rsduhw5xgcxpw7c63j3pq8x4ycqikxgik8y64ro,2Z9P8AN738C00,TAGGED
4snwyct86m383rsduhw5xgcxpw7c63j3pq8x4ycqikxgik8y64ro,2Z9P8AN738C00,TAGGED
4snwyct86m383rsduhw5xgcxpw7c63j3pq8x4ycqikxgik8y64ro,2Z9P8AN738C00,TAGGED
4snwyct86m383rsduhw5xgcxpw7c63j3pq8x4ycqikxgik8y64ro,2Z9P8AN738C00,TAGGED
4snwyct86m383rsduhw5xgcxpw7c63j3pq8x4ycqikxgik8y64ro,2Z1NJPW2QHGG0,TAGGED
4snwyct86m383rsduhw5xgcxpw7c63j3pq8x4ycqikxgik8y64ro,2Z1NJPW2QHGG0,TAGGED
4snwyct86m383rsduhw5xgcxpw7c63j3pq8x4ycqikxgik8y64ro,2Z1NJPW2QHGG0,TAGGED
4snwyct86m383rsduhw5xgcxpw7c63j3pq8x4ycqikxgik8y64ro,2Z1NJPW2QHGG0,TAGGED
4snwyct86m383rsduhw5xgcxpw7c63j3pq8x4ycqikxgik8y64ro,2Z1NJPW2QHGG0,TAGGED
4snwyct86m383rsduhw5xgcxpw7c63j3pq8x4ycqikxgik8y64ro,2Z1NJPW2QHGG0,TAGGED
5bem6bm75ku5pqz4em3bcsbm6n5grywja15x3739eesjhsdo6nfy,2Z1N9M56X7Y00,TAGGED
5bem6bm75ku5pqz4em3bcsbm6n5grywja15x3739eesjhsdo6nfy,2Z1N9M56X8C00,TAGGED
5bem6bm75ku5pqz4em3bcsbm6n5grywja15x3739eesjhsdo6nfy,2Z1N9M56X8C00,TAGGED
5bem6bm75ku5pqz4em3bcsbm6n5grywja15x3739eesjhsdo6nfy,2Z1N9M56X8C00,TAGGED
5bem6bm75ku5pqz4em3bcsbm6n5grywja15x3739eesjhsdo6nfy,2Z1N9M56X8C00,TAGGED
5bem6bm75ku5pqz4em3bcsbm6n5grywja15x3739eesjhsdo6nfy,2Z1N9M56X8C00,TAGGED
5bem6bm75ku5pqz4em3bcsbm6n5grywja15x3739eesjhsdo6nfy,2Z1N9M56X8C00,TAGGED
5bem6bm75ku5pqz4em3bcsbm6n5grywja15x3739eesjhsdo6nfy,2Z1N9M56X7Y00,TAGGED
5bem6bm75ku5pqz4em3bcsbm6n5grywja15x3739eesjhsdo6nfy,2Z1N9M56W3ZG0,TAGGED
5bem6bm75ku5pqz4em3bcsbm6n5grywja15x3739eesjhsdo6nfy,2Z1N9M56W3ZG0,TAGGED
5bem6bm75ku5pqz4em3bcsbm6n5grywja15x3739eesjhsdo6nfy,2Z1N9M56W3ZG0,TAGGED
5bem6bm75ku5pqz4em3bcsbm6n5grywja15x3739eesjhsdo6nfy,2Z1N9M56W3ZG0,TAGGED
5bem6bm75ku5pqz4em3bcsbm6n5grywja15x3739eesjhsdo6nfy,2Z1N9M56W3ZG0,TAGGED
5bem6bm75ku5pqz4em3bcsbm6n5grywja15x3739eesjhsdo6nfy,2Z1N9M56W3ZG0,TAGGED
5bem6bm75ku5pqz4em3bcsbm6n5grywja15x3739eesjhsdo6nfy,2Z1N9M56W3ZG0,TAGGED
5bem6bm75ku5pqz4em3bcsbm6n5grywja15x3739eesjhsdo6nfy,2Z1N9M56W3ZG0,TAGGED
5bem6bm75ku5pqz4em3bcsbm6n5grywja15x3739eesjhsdo6nfy,2Z1N9M56WN8G0,TAGGED
5bem6bm75ku5pqz4em3bcsbm6n5grywja15x3739eesjhsdo6nfy,2Z1N9M56WN8G0,TAGGED
5bem6bm75ku5pqz4em3bcsbm6n5grywja15x3739eesjhsdo6nfy,2Z1N9M56WN8G0,TAGGED
5bem6bm75ku5pqz4em3bcsbm6n5grywja15x3739eesjhsdo6nfy,2Z1N9M56WN8G0,TAGGED
5bem6bm75ku5pqz4em3bcsbm6n5grywja15x3739eesjhsdo6nfy,2Z1N9M56WN8G0,TAGGED
5bem6bm75ku5pqz4em3bcsbm6n5grywja15x3739eesjhsdo6nfy,2Z1N9M56WN8G0,TAGGED
5bem6bm75ku5pqz4em3bcsbm6n5grywja15x3739eesjhsdo6nfy,2Z1N9M56WN8G0,TAGGED
5bem6bm75ku5pqz4em3bcsbm6n5grywja15x3739eesjhsdo6nfy,2Z1N9M56WN8G0,TAGGED
5bem6bm75ku5pqz4em3bcsbm6n5grywja15x3739eesjhsdo6nfy,2Z1N9M56WN8G0,TAGGED
5bem6bm75ku5pqz4em3bcsbm6n5grywja15x3739eesjhsdo6nfy,2Z1N9M56WVEG0,TAGGED
5bem6bm75ku5pqz4em3bcsbm6n5grywja15x3739eesjhsdo6nfy,2Z1N9M56WVEG0,TAGGED
5bem6bm75ku5pqz4em3bcsbm6n5grywja15x3739eesjhsdo6nfy,2Z1N9M56WVEG0,TAGGED
5bem6bm75ku5pqz4em3bcsbm6n5grywja15x3739eesjhsdo6nfy,2Z1N9M56WVEG0,TAGGED
5bem6bm75ku5pqz4em3bcsbm6n5grywja15x3739eesjhsdo6nfy,2Z1N9M56WVEG0,TAGGED
5bem6bm75ku5pqz4em3bcsbm6n5grywja15x3739eesjhsdo6nfy,2Z1N9M56WVEG0,TAGGED
5bem6bm75ku5pqz4em3bcsbm6n5grywja15x3739eesjhsdo6nfy,2Z1N9M56WVEG0,TAGGED
5bem6bm75ku5pqz4em3bcsbm6n5grywja15x3739eesjhsdo6nfy,2Z1N9M56WVEG0,TAGGED
5bem6bm75ku5pqz4em3bcsbm6n5grywja15x3739eesjhsdo6nfy,2Z1N9M56WVEG0,TAGGED
5bem6bm75ku5pqz4em3bcsbm6n5grywja15x3739eesjhsdo6nfy,2Z1N9M56WY1G0,TAGGED
5bem6bm75ku5pqz4em3bcsbm6n5grywja15x3739eesjhsdo6nfy,2Z1N9M56WY1G0,TAGGED
5bem6bm75ku5pqz4em3bcsbm6n5grywja15x3739eesjhsdo6nfy,2Z1N9M56WY1G0,TAGGED
5bem6bm75ku5pqz4em3bcsbm6n5grywja15x3739eesjhsdo6nfy,2Z1N9M56WY1G0,TAGGED
5bem6bm75ku5pqz4em3bcsbm6n5grywja15x3739eesjhsdo6nfy,2Z1N9M56WY1G0,TAGGED
5bem6bm75ku5pqz4em3bcsbm6n5grywja15x3739eesjhsdo6nfy,2Z1N9M56X7Y00,TAGGED
5bem6bm75ku5pqz4em3bcsbm6n5grywja15x3739eesjhsdo6nfy,2Z1N9M56X7Y00,TAGGED
5bem6bm75ku5pqz4em3bcsbm6n5grywja15x3739eesjhsdo6nfy,2Z1N9M56X7Y00,TAGGED
77m8jyqqrd41xzu5b67m8z5wuypuatc54gmw5gcax6ae3yeca6wo,0RE3WS2NPCP0,BOOKMARKED
77m8jyqqrd41xzu5b67m8z5wuypuatc54gmw5gcax6ae3yeca6wo,0RE3WS2NPCP0,TAGGED
78guxwtzgtgpskij51om7t66awmqxznr6p7ogonfohoags6ahc5y,2Z1N8QBET4BG0,TAGGED
78guxwtzgtgpskij51om7t66awmqxznr6p7ogonfohoags6ahc5y,2Z1N8QBETXT00,TAGGED
78guxwtzgtgpskij51om7t66awmqxznr6p7ogonfohoags6ahc5y,2Z1N8QBETXT00,TAGGED
78guxwtzgtgpskij51om7t66awmqxznr6p7ogonfohoags6ahc5y,2Z1N8QBETXT00,TAGGED
78guxwtzgtgpskij51om7t66awmqxznr6p7ogonfohoags6ahc5y,2Z1N8QBETXT00,TAGGED
78guxwtzgtgpskij51om7t66awmqxznr6p7ogonfohoags6ahc5y,2Z1N8QBETXT00,TAGGED
78guxwtzgtgpskij51om7t66awmqxznr6p7ogonfohoags6ahc5y,2Z1N8QBETXT00,TAGGED
78guxwtzgtgpskij51om7t66awmqxznr6p7ogonfohoags6ahc5y,2Z1N8QBETTM00,TAGGED
78guxwtzgtgpskij51om7t66awmqxznr6p7ogonfohoags6ahc5y,2Z1N8QBETTM00,TAGGED
78guxwtzgtgpskij51om7t66awmqxznr6p7ogonfohoags6ahc5y,2Z1N8QBETTM00,TAGGED
78guxwtzgtgpskij51om7t66awmqxznr6p7ogonfohoags6ahc5y,2Z1N8QBETTM00,TAGGED
78guxwtzgtgpskij51om7t66awmqxznr6p7ogonfohoags6ahc5y,2Z1N8QBETTM00,TAGGED
78guxwtzgtgpskij51om7t66awmqxznr6p7ogonfohoags6ahc5y,2Z1N8QBETTM00,TAGGED
78guxwtzgtgpskij51om7t66awmqxznr6p7ogonfohoags6ahc5y,2Z1N8QBETTM00,TAGGED
78guxwtzgtgpskij51om7t66awmqxznr6p7ogonfohoags6ahc5y,2Z1N8QBETTM00,TAGGED
78guxwtzgtgpskij51om7t66awmqxznr6p7ogonfohoags6ahc5y,2Z1N8QBETTM00,TAGGED
78guxwtzgtgpskij51om7t66awmqxznr6p7ogonfohoags6ahc5y,2Z1N8QBETRYG0,TAGGED
78guxwtzgtgpskij51om7t66awmqxznr6p7ogonfohoags6ahc5y,2Z1N8QBETRYG0,TAGGED
78guxwtzgtgpskij51om7t66awmqxznr6p7ogonfohoags6ahc5y,2Z1N8QBETRYG0,TAGGED
78guxwtzgtgpskij51om7t66awmqxznr6p7ogonfohoags6ahc5y,2Z1N8QBET4BG0,TAGGED
78guxwtzgtgpskij51om7t66awmqxznr6p7ogonfohoags6ahc5y,2Z1N8QBET4BG0,TAGGED
78guxwtzgtgpskij51om7t66awmqxznr6p7ogonfohoags6ahc5y,2Z1N8QBERF700,TAGGED
78guxwtzgtgpskij51om7t66awmqxznr6p7ogonfohoags6ahc5y,2Z1N8QBERF700,TAGGED
78guxwtzgtgpskij51om7t66awmqxznr6p7ogonfohoags6ahc5y,2Z1N8QBERF700,TAGGED
78guxwtzgtgpskij51om7t66awmqxznr6p7ogonfohoags6ahc5y,2Z1N8QBERF700,TAGGED
78guxwtzgtgpskij51om7t66awmqxznr6p7ogonfohoags6ahc5y,2Z1N8QBERF700,TAGGED
78guxwtzgtgpskij51om7t66awmqxznr6p7ogonfohoags6ahc5y,2Z1N8QBERF700,TAGGED
78guxwtzgtgpskij51om7t66awmqxznr6p7ogonfohoags6ahc5y,2Z1N8QBERF700,TAGGED
78guxwtzgtgpskij51om7t66awmqxznr6p7ogonfohoags6ahc5y,2Z1N8QBESAF00,TAGGED
78guxwtzgtgpskij51om7t66awmqxznr6p7ogonfohoags6ahc5y,2Z1N8QBESAF00,TAGGED
78guxwtzgtgpskij51om7t66awmqxznr6p7ogonfohoags6ahc5y,2Z1N8QBESAF00,TAGGED
78guxwtzgtgpskij51om7t66awmqxznr6p7ogonfohoags6ahc5y,2Z1N8QBESAF00,TAGGED
78guxwtzgtgpskij51om7t66awmqxznr6p7ogonfohoags6ahc5y,2Z1N8QBESAF00,TAGGED
78guxwtzgtgpskij51om7t66awmqxznr6p7ogonfohoags6ahc5y,2Z1N8QBESAF00,TAGGED
78guxwtzgtgpskij51om7t66awmqxznr6p7ogonfohoags6ahc5y,2Z1N8QBESAF00,TAGGED
78guxwtzgtgpskij51om7t66awmqxznr6p7ogonfohoags6ahc5y,2Z1N8QBESAF00,TAGGED
78guxwtzgtgpskij51om7t66awmqxznr6p7ogonfohoags6ahc5y,2Z1N8QBESAF00,TAGGED
78guxwtzgtgpskij51om7t66awmqxznr6p7ogonfohoags6ahc5y,2Z1N8QBESNE00,TAGGED
78guxwtzgtgpskij51om7t66awmqxznr6p7ogonfohoags6ahc5y,2Z1N8QBESNE00,TAGGED
78guxwtzgtgpskij51om7t66awmqxznr6p7ogonfohoags6ahc5y,2Z1N8QBESNE00,TAGGED
78guxwtzgtgpskij51om7t66awmqxznr6p7ogonfohoags6ahc5y,2Z1N8QBESNE00,TAGGED
78guxwtzgtgpskij51om7t66awmqxznr6p7ogonfohoags6ahc5y,2Z1N8QBESVC00,TAGGED
78guxwtzgtgpskij51om7t66awmqxznr6p7ogonfohoags6ahc5y,2Z1N8QBESVC00,TAGGED
78guxwtzgtgpskij51om7t66awmqxznr6p7ogonfohoags6ahc5y,2Z1N8QBESVC00,TAGGED
78guxwtzgtgpskij51om7t66awmqxznr6p7ogonfohoags6ahc5y,2Z1N8QBET1P00,TAGGED
78guxwtzgtgpskij51om7t66awmqxznr6p7ogonfohoags6ahc5y,2Z1N8QBET1P00,TAGGED
78guxwtzgtgpskij51om7t66awmqxznr6p7ogonfohoags6ahc5y,2Z1N8QBET1P00,TAGGED
78guxwtzgtgpskij51om7t66awmqxznr6p7ogonfohoags6ahc5y,2Z1N8QBET1P00,TAGGED
78guxwtzgtgpskij51om7t66awmqxznr6p7ogonfohoags6ahc5y,2Z1N8QBET1P00,TAGGED
78guxwtzgtgpskij51om7t66awmqxznr6p7ogonfohoags6ahc5y,2Z1N8QBET1P00,TAGGED
78guxwtzgtgpskij51om7t66awmqxznr6p7ogonfohoags6ahc5y,2Z1N8QBET1P00,TAGGED
78guxwtzgtgpskij51om7t66awmqxznr6p7ogonfohoags6ahc5y,2Z1N8QBET4BG0,TAGGED
78guxwtzgtgpskij51om7t66awmqxznr6p7ogonfohoags6ahc5y,2Z1N8QBET4BG0,TAGGED
78guxwtzgtgpskij51om7t66awmqxznr6p7ogonfohoags6ahc5y,2Z1N8QBET4BG0,TAGGED
78guxwtzgtgpskij51om7t66awmqxznr6p7ogonfohoags6ahc5y,2Z1N8QBET4BG0,TAGGED
7hq56kap6exmhghyedrw1q3ar8b1wutomq8ax9eazhajcpdfx3so,2Z1N8QBETEYG0,TAGGED
7hq56kap6exmhghyedrw1q3ar8b1wutomq8ax9eazhajcpdfx3so,2Z1N8QBETP6G0,TAGGED
7hq56kap6exmhghyedrw1q3ar8b1wutomq8ax9eazhajcpdfx3so,2Z1N8QBETP6G0,TAGGED
7hq56kap6exmhghyedrw1q3ar8b1wutomq8ax9eazhajcpdfx3so,2Z1N8QBETP6G0,TAGGED
7hq56kap6exmhghyedrw1q3ar8b1wutomq8ax9eazhajcpdfx3so,2Z1N8QBETP6G0,TAGGED
7hq56kap6exmhghyedrw1q3ar8b1wutomq8ax9eazhajcpdfx3so,2Z1N8QBETP6G0,TAGGED
7hq56kap6exmhghyedrw1q3ar8b1wutomq8ax9eazhajcpdfx3so,2Z1N8QBETP6G0,TAGGED
7hq56kap6exmhghyedrw1q3ar8b1wutomq8ax9eazhajcpdfx3so,2Z1N8QBETP6G0,TAGGED
7hq56kap6exmhghyedrw1q3ar8b1wutomq8ax9eazhajcpdfx3so,2Z1N8QBETP6G0,TAGGED
7hq56kap6exmhghyedrw1q3ar8b1wutomq8ax9eazhajcpdfx3so,2Z1N8QBETEYG0,TAGGED
7hq56kap6exmhghyedrw1q3ar8b1wutomq8ax9eazhajcpdfx3so,2Z1N8QBERQ9G0,TAGGED
7hq56kap6exmhghyedrw1q3ar8b1wutomq8ax9eazhajcpdfx3so,2Z1N8QBERQ9G0,TAGGED
7hq56kap6exmhghyedrw1q3ar8b1wutomq8ax9eazhajcpdfx3so,2Z1N8QBERQ9G0,TAGGED
7hq56kap6exmhghyedrw1q3ar8b1wutomq8ax9eazhajcpdfx3so,2Z1N8QBERQ9G0,TAGGED
7hq56kap6exmhghyedrw1q3ar8b1wutomq8ax9eazhajcpdfx3so,2Z1N8QBERQ9G0,TAGGED
7hq56kap6exmhghyedrw1q3ar8b1wutomq8ax9eazhajcpdfx3so,2Z1N8QBERTQG0,TAGGED
7hq56kap6exmhghyedrw1q3ar8b1wutomq8ax9eazhajcpdfx3so,2Z1N8QBERTQG0,TAGGED
7hq56kap6exmhghyedrw1q3ar8b1wutomq8ax9eazhajcpdfx3so,2Z1N8QBERTQG0,TAGGED
7hq56kap6exmhghyedrw1q3ar8b1wutomq8ax9eazhajcpdfx3so,2Z1N8QBERTQG0,TAGGED
7hq56kap6exmhghyedrw1q3ar8b1wutomq8ax9eazhajcpdfx3so,2Z1N8QBERTQG0,TAGGED
7hq56kap6exmhghyedrw1q3ar8b1wutomq8ax9eazhajcpdfx3so,2Z1N8QBERTQG0,TAGGED
7hq56kap6exmhghyedrw1q3ar8b1wutomq8ax9eazhajcpdfx3so,2Z1N8QBESRFG0,TAGGED
7hq56kap6exmhghyedrw1q3ar8b1wutomq8ax9eazhajcpdfx3so,2Z1N8QBESRFG0,TAGGED
7hq56kap6exmhghyedrw1q3ar8b1wutomq8ax9eazhajcpdfx3so,2Z1N8QBESRFG0,TAGGED
7hq56kap6exmhghyedrw1q3ar8b1wutomq8ax9eazhajcpdfx3so,2Z1N8QBESRFG0,TAGGED
7hq56kap6exmhghyedrw1q3ar8b1wutomq8ax9eazhajcpdfx3so,2Z1N8QBESRFG0,TAGGED
7hq56kap6exmhghyedrw1q3ar8b1wutomq8ax9eazhajcpdfx3so,2Z1N8QBESRFG0,TAGGED
7hq56kap6exmhghyedrw1q3ar8b1wutomq8ax9eazhajcpdfx3so,2Z1N8QBESRFG0,TAGGED
7hq56kap6exmhghyedrw1q3ar8b1wutomq8ax9eazhajcpdfx3so,2Z1N8QBET6PG0,TAGGED
7hq56kap6exmhghyedrw1q3ar8b1wutomq8ax9eazhajcpdfx3so,2Z1N8QBET6PG0,TAGGED
7hq56kap6exmhghyedrw1q3ar8b1wutomq8ax9eazhajcpdfx3so,2Z1N8QBET6PG0,TAGGED
7hq56kap6exmhghyedrw1q3ar8b1wutomq8ax9eazhajcpdfx3so,2Z1N8QBET6PG0,TAGGED
7hq56kap6exmhghyedrw1q3ar8b1wutomq8ax9eazhajcpdfx3so,2Z1N8QBET6PG0,TAGGED
7hq56kap6exmhghyedrw1q3ar8b1wutomq8ax9eazhajcpdfx3so,2Z1N8QBET6PG0,TAGGED
7hq56kap6exmhghyedrw1q3ar8b1wutomq8ax9eazhajcpdfx3so,2Z1N8QBET6PG0,TAGGED
7hq56kap6exmhghyedrw1q3ar8b1wutomq8ax9eazhajcpdfx3so,2Z1N8QBET6PG0,TAGGED
7hq56kap6exmhghyedrw1q3ar8b1wutomq8ax9eazhajcpdfx3so,2Z1N8QBETEYG0,TAGGED
7hq56kap6exmhghyedrw1q3ar8b1wutomq8ax9eazhajcpdfx3so,2Z1N8QBETEYG0,TAGGED
7hq56kap6exmhghyedrw1q3ar8b1wutomq8ax9eazhajcpdfx3so,2Z1N8QBETEYG0,TAGGED
7hq56kap6exmhghyedrw1q3ar8b1wutomq8ax9eazhajcpdfx3so,2Z1N8QBETEYG0,TAGGED
7kbjzgcx3xygokesys6jso13tt9u5n995p9q54a1co7cai9ujcso,2Z1N9M56XB2G0,TAGGED
7kbjzgcx3xygokesys6jso13tt9u5n995p9q54a1co7cai9ujcso,2Z1N9M56XB2G0,TAGGED
7kbjzgcx3xygokesys6jso13tt9u5n995p9q54a1co7cai9ujcso,2Z1N9M56XB2G0,TAGGED
7kbjzgcx3xygokesys6jso13tt9u5n995p9q54a1co7cai9ujcso,2Z1N9M56XB2G0,TAGGED
7kbjzgcx3xygokesys6jso13tt9u5n995p9q54a1co7cai9ujcso,2Z1N9M56XB2G0,TAGGED
7kbjzgcx3xygokesys6jso13tt9u5n995p9q54a1co7cai9ujcso,2Z1N9M56XB2G0,TAGGED
7kbjzgcx3xygokesys6jso13tt9u5n995p9q54a1co7cai9ujcso,2Z1N9M56X4EG0,TAGGED
7kbjzgcx3xygokesys6jso13tt9u5n995p9q54a1co7cai9ujcso,2Z1N9M56X4EG0,TAGGED
7kbjzgcx3xygokesys6jso13tt9u5n995p9q54a1co7cai9ujcso,2Z1N9M56X4EG0,TAGGED
7kbjzgcx3xygokesys6jso13tt9u5n995p9q54a1co7cai9ujcso,2Z1N9M56X4EG0,TAGGED
7kbjzgcx3xygokesys6jso13tt9u5n995p9q54a1co7cai9ujcso,2Z1N9M56X4EG0,TAGGED
7kbjzgcx3xygokesys6jso13tt9u5n995p9q54a1co7cai9ujcso,2Z1N9M56X4EG0,TAGGED
7kbjzgcx3xygokesys6jso13tt9u5n995p9q54a1co7cai9ujcso,2Z1N9M56X4EG0,TAGGED
7kbjzgcx3xygokesys6jso13tt9u5n995p9q54a1co7cai9ujcso,2Z1N9M56X4EG0,TAGGED
7kbjzgcx3xygokesys6jso13tt9u5n995p9q54a1co7cai9ujcso,2Z1N9M56X4EG0,TAGGED
7kbjzgcx3xygokesys6jso13tt9u5n995p9q54a1co7cai9ujcso,2Z1N9M56X4EG0,TAGGED
7kbjzgcx3xygokesys6jso13tt9u5n995p9q54a1co7cai9ujcso,2Z1N9M56X2C00,TAGGED
7kbjzgcx3xygokesys6jso13tt9u5n995p9q54a1co7cai9ujcso,2Z1N9M56X2C00,TAGGED
7kbjzgcx3xygokesys6jso13tt9u5n995p9q54a1co7cai9ujcso,2Z1N9M56X2C00,TAGGED
7kbjzgcx3xygokesys6jso13tt9u5n995p9q54a1co7cai9ujcso,2Z1N9M56X2C00,TAGGED
7kbjzgcx3xygokesys6jso13tt9u5n995p9q54a1co7cai9ujcso,2Z1N9M56X2C00,TAGGED
7kbjzgcx3xygokesys6jso13tt9u5n995p9q54a1co7cai9ujcso,2Z1N9M56X2C00,TAGGED
9arfi37owcrdywc9zqw3m5uc7gd5gqu1yfuykzo66od6tcayqk9y,2ZBFXCKJ48RG0,TAGGED
9arfi37owcrdywc9zqw3m5uc7gd5gqu1yfuykzo66od6tcayqk9y,2ZBFXCKJ48RG0,TAGGED
9arfi37owcrdywc9zqw3m5uc7gd5gqu1yfuykzo66od6tcayqk9y,2ZBFXCKJ48RG0,TAGGED
9arfi37owcrdywc9zqw3m5uc7gd5gqu1yfuykzo66od6tcayqk9y,2Z3DTV1VRJF00,TAGGED
9arfi37owcrdywc9zqw3m5uc7gd5gqu1yfuykzo66od6tcayqk9y,2Z3DTV1VRJF00,TAGGED
9arfi37owcrdywc9zqw3m5uc7gd5gqu1yfuykzo66od6tcayqk9y,2Z3DTV1VRJF00,TAGGED
9eo5d4symyc9d5qshbznqiz5qc4a375f3oid6ixieqezxmb6ti5o,2Z1N9M56X9000,TAGGED
9eo5d4symyc9d5qshbznqiz5qc4a375f3oid6ixieqezxmb6ti5o,2Z1N9M56X9000,TAGGED
9eo5d4symyc9d5qshbznqiz5qc4a375f3oid6ixieqezxmb6ti5o,2Z1N9M56X9000,TAGGED
9eo5d4symyc9d5qshbznqiz5qc4a375f3oid6ixieqezxmb6ti5o,2Z1N9M56X9000,TAGGED
9eo5d4symyc9d5qshbznqiz5qc4a375f3oid6ixieqezxmb6ti5o,2Z1N9M56X2ZG0,TAGGED
9eo5d4symyc9d5qshbznqiz5qc4a375f3oid6ixieqezxmb6ti5o,2Z1N9M56X2ZG0,TAGGED
9eo5d4symyc9d5qshbznqiz5qc4a375f3oid6ixieqezxmb6ti5o,2Z1N9M56X2ZG0,TAGGED
9eo5d4symyc9d5qshbznqiz5qc4a375f3oid6ixieqezxmb6ti5o,2Z1N9M56X2ZG0,TAGGED
9eo5d4symyc9d5qshbznqiz5qc4a375f3oid6ixieqezxmb6ti5o,2Z1N9M56X2ZG0,TAGGED
9eo5d4symyc9d5qshbznqiz5qc4a375f3oid6ixieqezxmb6ti5o,2Z1N9M56X2ZG0,TAGGED
9eo5d4symyc9d5qshbznqiz5qc4a375f3oid6ixieqezxmb6ti5o,2Z1N9M56WX200,TAGGED
9eo5d4symyc9d5qshbznqiz5qc4a375f3oid6ixieqezxmb6ti5o,2Z1N9M56WX200,TAGGED
9eo5d4symyc9d5qshbznqiz5qc4a375f3oid6ixieqezxmb6ti5o,2Z1N9M56WX200,TAGGED
9eo5d4symyc9d5qshbznqiz5qc4a375f3oid6ixieqezxmb6ti5o,2Z1N9M56WX200,TAGGED
9eo5d4symyc9d5qshbznqiz5qc4a375f3oid6ixieqezxmb6ti5o,2Z1N9M56WX200,TAGGED
9eo5d4symyc9d5qshbznqiz5qc4a375f3oid6ixieqezxmb6ti5o,2Z1N9M56WX200,TAGGED
9eo5d4symyc9d5qshbznqiz5qc4a375f3oid6ixieqezxmb6ti5o,2Z1N9M56WX200,TAGGED
9eo5d4symyc9d5qshbznqiz5qc4a375f3oid6ixieqezxmb6ti5o,2Z1N9M56WX200,TAGGED
9eo5d4symyc9d5qshbznqiz5qc4a375f3oid6ixieqezxmb6ti5o,2Z1N9M56WGYG0,TAGGED
9eo5d4symyc9d5qshbznqiz5qc4a375f3oid6ixieqezxmb6ti5o,2Z1N9M56WGYG0,TAGGED
9x86hgp5tya98csx4wfdj1aorcxszxq5mwa3rdeh8a7oz1u6sg3y,2Z1P8ET4Z7T00,TAGGED
9x86hgp5tya98csx4wfdj1aorcxszxq5mwa3rdeh8a7oz1u6sg3y,2Z1P8ET4Z7T00,TAGGED
9x86hgp5tya98csx4wfdj1aorcxszxq5mwa3rdeh8a7oz1u6sg3y,2Z1P8ET4Z7T00,TAGGED
9x86hgp5tya98csx4wfdj1aorcxszxq5mwa3rdeh8a7oz1u6sg3y,2Z1P8ET4Z7T00,TAGGED
9x86hgp5tya98csx4wfdj1aorcxszxq5mwa3rdeh8a7oz1u6sg3y,2Z1P8ET4Z7T00,TAGGED
9x86hgp5tya98csx4wfdj1aorcxszxq5mwa3rdeh8a7oz1u6sg3y,2Z1P8ET4Z7T00,TAGGED
9x86hgp5tya98csx4wfdj1aorcxszxq5mwa3rdeh8a7oz1u6sg3y,2Z1NRDN245400,TAGGED
9x86hgp5tya98csx4wfdj1aorcxszxq5mwa3rdeh8a7oz1u6sg3y,2Z1NRDN245400,TAGGED
9x86hgp5tya98csx4wfdj1aorcxszxq5mwa3rdeh8a7oz1u6sg3y,2Z1NRDN245400,TAGGED
9x86hgp5tya98csx4wfdj1aorcxszxq5mwa3rdeh8a7oz1u6sg3y,2Z1NRDN245400,TAGGED
9x86hgp5tya98csx4wfdj1aorcxszxq5mwa3rdeh8a7oz1u6sg3y,2Z1NRDN245400,TAGGED
9x86hgp5tya98csx4wfdj1aorcxszxq5mwa3rdeh8a7oz1u6sg3y,2Z1NRDN245400,TAGGED
9x86hgp5tya98csx4wfdj1aorcxszxq5mwa3rdeh8a7oz1u6sg3y,2Z1NCPSDTW400,TAGGED
9x86hgp5tya98csx4wfdj1aorcxszxq5mwa3rdeh8a7oz1u6sg3y,2Z1NCPSDTW400,TAGGED
9x86hgp5tya98csx4wfdj1aorcxszxq5mwa3rdeh8a7oz1u6sg3y,2Z1NCPSDTW400,TAGGED
9x86hgp5tya98csx4wfdj1aorcxszxq5mwa3rdeh8a7oz1u6sg3y,2Z1NCPSDTW400,TAGGED
9x86hgp5tya98csx4wfdj1aorcxszxq5mwa3rdeh8a7oz1u6sg3y,2Z1NCPSDTW400,TAGGED
9x86hgp5tya98csx4wfdj1aorcxszxq5mwa3rdeh8a7oz1u6sg3y,2Z1NCPSDTW400,TAGGED
9x86hgp5tya98csx4wfdj1aorcxszxq5mwa3rdeh8a7oz1u6sg3y,2Z1NCPSDTW400,TAGGED
9x86hgp5tya98csx4wfdj1aorcxszxq5mwa3rdeh8a7oz1u6sg3y,2Z1NCPSDTW400,TAGGED
9x86hgp5tya98csx4wfdj1aorcxszxq5mwa3rdeh8a7oz1u6sg3y,2Z1NCPSDTW400,TAGGED
ajtxy96ycctqu3kwrm5pkf4udgkdda5qdsckqzsdj7nffcnpx3go,2Z1N8QBERNYG0,TAGGED
ajtxy96ycctqu3kwrm5pkf4udgkdda5qdsckqzsdj7nffcnpx3go,2Z1N8QBERNYG0,TAGGED
ajtxy96ycctqu3kwrm5pkf4udgkdda5qdsckqzsdj7nffcnpx3go,2Z1N8QBERNYG0,TAGGED
ajtxy96ycctqu3kwrm5pkf4udgkdda5qdsckqzsdj7nffcnpx3go,2Z1N8QBERNYG0,TAGGED
ajtxy96ycctqu3kwrm5pkf4udgkdda5qdsckqzsdj7nffcnpx3go,2Z1N8QBERNYG0,TAGGED
ajtxy96ycctqu3kwrm5pkf4udgkdda5qdsckqzsdj7nffcnpx3go,2Z1N8QBERNYG0,TAGGED
ajtxy96ycctqu3kwrm5pkf4udgkdda5qdsckqzsdj7nffcnpx3go,2Z1N8QBERNYG0,TAGGED
ajtxy96ycctqu3kwrm5pkf4udgkdda5qdsckqzsdj7nffcnpx3go,2Z1N8QBERWS00,TAGGED
ajtxy96ycctqu3kwrm5pkf4udgkdda5qdsckqzsdj7nffcnpx3go,2Z1N8QBERWS00,TAGGED
ajtxy96ycctqu3kwrm5pkf4udgkdda5qdsckqzsdj7nffcnpx3go,2Z1N8QBERWS00,TAGGED
ajtxy96ycctqu3kwrm5pkf4udgkdda5qdsckqzsdj7nffcnpx3go,2Z1N8QBERWS00,TAGGED
ajtxy96ycctqu3kwrm5pkf4udgkdda5qdsckqzsdj7nffcnpx3go,2Z1N8QBERWS00,TAGGED
ajtxy96ycctqu3kwrm5pkf4udgkdda5qdsckqzsdj7nffcnpx3go,2Z1N8QBET89G0,TAGGED
ajtxy96ycctqu3kwrm5pkf4udgkdda5qdsckqzsdj7nffcnpx3go,2Z1N8QBET89G0,TAGGED
ajtxy96ycctqu3kwrm5pkf4udgkdda5qdsckqzsdj7nffcnpx3go,2Z1N8QBET89G0,TAGGED
ajtxy96ycctqu3kwrm5pkf4udgkdda5qdsckqzsdj7nffcnpx3go,2Z1N8QBET89G0,TAGGED
ajtxy96ycctqu3kwrm5pkf4udgkdda5qdsckqzsdj7nffcnpx3go,2Z1N8QBET89G0,TAGGED
ajtxy96ycctqu3kwrm5pkf4udgkdda5qdsckqzsdj7nffcnpx3go,2Z1N8QBET89G0,TAGGED
ajtxy96ycctqu3kwrm5pkf4udgkdda5qdsckqzsdj7nffcnpx3go,2Z1N8QBET89G0,TAGGED
ajtxy96ycctqu3kwrm5pkf4udgkdda5qdsckqzsdj7nffcnpx3go,2Z1N8QBET9MG0,TAGGED
ajtxy96ycctqu3kwrm5pkf4udgkdda5qdsckqzsdj7nffcnpx3go,2Z1N8QBET9MG0,TAGGED
ajtxy96ycctqu3kwrm5pkf4udgkdda5qdsckqzsdj7nffcnpx3go,2Z1N8QBET9MG0,TAGGED
ajtxy96ycctqu3kwrm5pkf4udgkdda5qdsckqzsdj7nffcnpx3go,2Z1N8QBET9MG0,TAGGED
ajtxy96ycctqu3kwrm5pkf4udgkdda5qdsckqzsdj7nffcnpx3go,2Z1N8QBET9MG0,TAGGED
ajtxy96ycctqu3kwrm5pkf4udgkdda5qdsckqzsdj7nffcnpx3go,2Z1N8QBET9MG0,TAGGED
ajtxy96ycctqu3kwrm5pkf4udgkdda5qdsckqzsdj7nffcnpx3go,2Z1N8QBETAWG0,TAGGED
ajtxy96ycctqu3kwrm5pkf4udgkdda5qdsckqzsdj7nffcnpx3go,2Z1N8QBETAWG0,TAGGED
ajtxy96ycctqu3kwrm5pkf4udgkdda5qdsckqzsdj7nffcnpx3go,2Z1N8QBETAWG0,TAGGED
ajtxy96ycctqu3kwrm5pkf4udgkdda5qdsckqzsdj7nffcnpx3go,2Z1N8QBETAWG0,TAGGED
bb3xoth8hijfn6z6zahkutb6cfea5fzzs67gtziud74iusr1whgo,2Z1N9M56WA600,TAGGED
bb3xoth8hijfn6z6zahkutb6cfea5fzzs67gtziud74iusr1whgo,2Z1N9M56WA600,TAGGED
bb3xoth8hijfn6z6zahkutb6cfea5fzzs67gtziud74iusr1whgo,2Z1N9M56WA600,TAGGED
bb3xoth8hijfn6z6zahkutb6cfea5fzzs67gtziud74iusr1whgo,2Z1N9M56WA600,TAGGED
bb3xoth8hijfn6z6zahkutb6cfea5fzzs67gtziud74iusr1whgo,2Z1N9M56WG1G0,TAGGED
bb3xoth8hijfn6z6zahkutb6cfea5fzzs67gtziud74iusr1whgo,2Z1N9M56WG1G0,TAGGED
bb3xoth8hijfn6z6zahkutb6cfea5fzzs67gtziud74iusr1whgo,2Z1N9M56WG1G0,TAGGED
bb3xoth8hijfn6z6zahkutb6cfea5fzzs67gtziud74iusr1whgo,2Z1N9M56WG1G0,TAGGED
bb3xoth8hijfn6z6zahkutb6cfea5fzzs67gtziud74iusr1whgo,2Z1N9M56WG1G0,TAGGED
bb3xoth8hijfn6z6zahkutb6cfea5fzzs67gtziud74iusr1whgo,2Z1N9M56WG1G0,TAGGED
bb3xoth8hijfn6z6zahkutb6cfea5fzzs67gtziud74iusr1whgo,2Z1N9M56WG1G0,TAGGED
bb3xoth8hijfn6z6zahkutb6cfea5fzzs67gtziud74iusr1whgo,2Z1N9M56WG1G0,TAGGED
bb3xoth8hijfn6z6zahkutb6cfea5fzzs67gtziud74iusr1whgo,2Z1N9M56WSCG0,TAGGED
bb3xoth8hijfn6z6zahkutb6cfea5fzzs67gtziud74iusr1whgo,2Z1N9M56WSCG0,TAGGED
bb3xoth8hijfn6z6zahkutb6cfea5fzzs67gtziud74iusr1whgo,2Z1N9M56WSCG0,TAGGED
bb3xoth8hijfn6z6zahkutb6cfea5fzzs67gtziud74iusr1whgo,2Z1N9M56WSCG0,TAGGED
bb3xoth8hijfn6z6zahkutb6cfea5fzzs67gtziud74iusr1whgo,2Z1N9M56WSCG0,TAGGED
bb3xoth8hijfn6z6zahkutb6cfea5fzzs67gtziud74iusr1whgo,2Z1N9M56WSCG0,TAGGED
bb3xoth8hijfn6z6zahkutb6cfea5fzzs67gtziud74iusr1whgo,2Z1N9M56WSCG0,TAGGED
bb3xoth8hijfn6z6zahkutb6cfea5fzzs67gtziud74iusr1whgo,2Z1N9M56WSCG0,TAGGED
bb3xoth8hijfn6z6zahkutb6cfea5fzzs67gtziud74iusr1whgo,2Z1N9M56WSCG0,TAGGED
bb3xoth8hijfn6z6zahkutb6cfea5fzzs67gtziud74iusr1whgo,2Z1N9M56WW600,TAGGED
bb3xoth8hijfn6z6zahkutb6cfea5fzzs67gtziud74iusr1whgo,2Z1N9M56WW600,TAGGED
bb3xoth8hijfn6z6zahkutb6cfea5fzzs67gtziud74iusr1whgo,2Z1N9M56WW600,TAGGED
bb3xoth8hijfn6z6zahkutb6cfea5fzzs67gtziud74iusr1whgo,2Z1N9M56WW600,TAGGED
bb3xoth8hijfn6z6zahkutb6cfea5fzzs67gtziud74iusr1whgo,2Z1N9M56WW600,TAGGED
bb3xoth8hijfn6z6zahkutb6cfea5fzzs67gtziud74iusr1whgo,2Z1N9M56XBP00,TAGGED
bb3xoth8hijfn6z6zahkutb6cfea5fzzs67gtziud74iusr1whgo,2Z1N9M56XBP00,TAGGED
bb3xoth8hijfn6z6zahkutb6cfea5fzzs67gtziud74iusr1whgo,2Z1N9M56XBP00,TAGGED
bb3xoth8hijfn6z6zahkutb6cfea5fzzs67gtziud74iusr1whgo,2Z1N9M56XBP00,TAGGED
bb3xoth8hijfn6z6zahkutb6cfea5fzzs67gtziud74iusr1whgo,2Z1N9M56XBP00,TAGGED
bb3xoth8hijfn6z6zahkutb6cfea5fzzs67gtziud74iusr1whgo,2Z1N9M56XBP00,TAGGED
bb3xoth8hijfn6z6zahkutb6cfea5fzzs67gtziud74iusr1whgo,2Z1N9M56XBP00,TAGGED
dujh8de33hbaqerg1ejyu9ynjh5yqfozm6iexsjdj3h9yfn3n3wy,2Z4QSB3MG3300,TAGGED
dujh8de33hbaqerg1ejyu9ynjh5yqfozm6iexsjdj3h9yfn3n3wy,2Z4QSB3MG3300,TAGGED
end1obs8cy3ssqzhm73hiojwpakb4ac1fiubbmk5zfuruaaumwso,2Z1NCTJJXZTG0,TAGGED
end1obs8cy3ssqzhm73hiojwpakb4ac1fiubbmk5zfuruaaumwso,2Z1NCTJJXZTG0,TAGGED
end1obs8cy3ssqzhm73hiojwpakb4ac1fiubbmk5zfuruaaumwso,2Z1NCTJJXZTG0,TAGGED
end1obs8cy3ssqzhm73hiojwpakb4ac1fiubbmk5zfuruaaumwso,2Z1NCTJJXZTG0,TAGGED
end1obs8cy3ssqzhm73hiojwpakb4ac1fiubbmk5zfuruaaumwso,2Z1NCTJJXZTG0,TAGGED
end1obs8cy3ssqzhm73hiojwpakb4ac1fiubbmk5zfuruaaumwso,2Z1NCTJJXZTG0,TAGGED
fy3ekk5mfm8nje69nwqb7yhou79kjhm41qp35px8o6zcbqc51k5y,2Z25B7X03Q700,TAGGED
ghi8imi1o3i4c18q3anyp3qj8m9cedrrif1tco8jouq8msud8mfy,2Z1N9M56W5N00,TAGGED
ghi8imi1o3i4c18q3anyp3qj8m9cedrrif1tco8jouq8msud8mfy,2Z1N9M56W5N00,TAGGED
ghi8imi1o3i4c18q3anyp3qj8m9cedrrif1tco8jouq8msud8mfy,2Z1N9M56W5N00,TAGGED
ghi8imi1o3i4c18q3anyp3qj8m9cedrrif1tco8jouq8msud8mfy,2Z1N9M56W5N00,TAGGED
ghi8imi1o3i4c18q3anyp3qj8m9cedrrif1tco8jouq8msud8mfy,2Z1N9M56W6MG0,TAGGED
ghi8imi1o3i4c18q3anyp3qj8m9cedrrif1tco8jouq8msud8mfy,2Z1N9M56W6MG0,TAGGED
ghi8imi1o3i4c18q3anyp3qj8m9cedrrif1tco8jouq8msud8mfy,2Z1N9M56W6MG0,TAGGED
ghi8imi1o3i4c18q3anyp3qj8m9cedrrif1tco8jouq8msud8mfy,2Z1N9M56W6MG0,TAGGED
ghi8imi1o3i4c18q3anyp3qj8m9cedrrif1tco8jouq8msud8mfy,2Z1N9M56W6MG0,TAGGED
ghi8imi1o3i4c18q3anyp3qj8m9cedrrif1tco8jouq8msud8mfy,2Z1N9M56W6MG0,TAGGED
ghi8imi1o3i4c18q3anyp3qj8m9cedrrif1tco8jouq8msud8mfy,2Z1N9M56W6MG0,TAGGED
ghi8imi1o3i4c18q3anyp3qj8m9cedrrif1tco8jouq8msud8mfy,2Z1N9M56WQFG0,TAGGED
ghi8imi1o3i4c18q3anyp3qj8m9cedrrif1tco8jouq8msud8mfy,2Z1N9M56WQFG0,TAGGED
ghi8imi1o3i4c18q3anyp3qj8m9cedrrif1tco8jouq8msud8mfy,2Z1N9M56WQFG0,TAGGED
ghi8imi1o3i4c18q3anyp3qj8m9cedrrif1tco8jouq8msud8mfy,2Z1N9M56WQFG0,TAGGED
ghi8imi1o3i4c18q3anyp3qj8m9cedrrif1tco8jouq8msud8mfy,2Z1N9M56WQFG0,TAGGED
ghi8imi1o3i4c18q3anyp3qj8m9cedrrif1tco8jouq8msud8mfy,2Z1N9M56WQFG0,TAGGED
ghi8imi1o3i4c18q3anyp3qj8m9cedrrif1tco8jouq8msud8mfy,2Z1N9M56WQFG0,TAGGED
ghi8imi1o3i4c18q3anyp3qj8m9cedrrif1tco8jouq8msud8mfy,2Z1N9M56WQFG0,TAGGED
ghi8imi1o3i4c18q3anyp3qj8m9cedrrif1tco8jouq8msud8mfy,2Z1N9M56WXJ00,TAGGED
ghi8imi1o3i4c18q3anyp3qj8m9cedrrif1tco8jouq8msud8mfy,2Z1N9M56WXJ00,TAGGED
ghi8imi1o3i4c18q3anyp3qj8m9cedrrif1tco8jouq8msud8mfy,2Z1N9M56WXJ00,TAGGED
ghi8imi1o3i4c18q3anyp3qj8m9cedrrif1tco8jouq8msud8mfy,2Z1N9M56WXJ00,TAGGED
ghi8imi1o3i4c18q3anyp3qj8m9cedrrif1tco8jouq8msud8mfy,2Z1N9M56X55G0,TAGGED
ghi8imi1o3i4c18q3anyp3qj8m9cedrrif1tco8jouq8msud8mfy,2Z1N9M56X55G0,TAGGED
ghi8imi1o3i4c18q3anyp3qj8m9cedrrif1tco8jouq8msud8mfy,2Z1N9M56X55G0,TAGGED
ghi8imi1o3i4c18q3anyp3qj8m9cedrrif1tco8jouq8msud8mfy,2Z1N9M56X55G0,TAGGED
gxk8itzrnikrpshfsudgsgtxrz59ojp4iwmp4w9iff3ess6zfr4y,2ZB0PB2KVV700,TAGGED
gxk8itzrnikrpshfsudgsgtxrz59ojp4iwmp4w9iff3ess6zfr4y,2ZB0PB2KVV700,TAGGED
gxk8itzrnikrpshfsudgsgtxrz59ojp4iwmp4w9iff3ess6zfr4y,2ZAX1DBDD5YG0,TAGGED
gxk8itzrnikrpshfsudgsgtxrz59ojp4iwmp4w9iff3ess6zfr4y,2Z96K6P2RASG0,TAGGED
h3fghnb3x59oh7r53x8y6a5x38oatqyjym9b31ybss17zqdnhcoy,2Z9P8AN738C00,BOOKMARKED
h3fghnb3x59oh7r53x8y6a5x38oatqyjym9b31ybss17zqdnhcoy,2ZD6CPRQTAC00,BOOKMARKED
h3fghnb3x59oh7r53x8y6a5x38oatqyjym9b31ybss17zqdnhcoy,2ZD6CPRQTAC00,BOOKMARKED
h3fghnb3x59oh7r53x8y6a5x38oatqyjym9b31ybss17zqdnhcoy,2ZAVYKGT508G0,BOOKMARKED
h3fghnb3x59oh7r53x8y6a5x38oatqyjym9b31ybss17zqdnhcoy,2ZCA9DZ6SZMG0,BOOKMARKED
h3fghnb3x59oh7r53x8y6a5x38oatqyjym9b31ybss17zqdnhcoy,2ZCA9DZ6SZMG0,BOOKMARKED
h3fghnb3x59oh7r53x8y6a5x38oatqyjym9b31ybss17zqdnhcoy,2ZD9VJK97YN00,BOOKMARKED
h3fghnb3x59oh7r53x8y6a5x38oatqyjym9b31ybss17zqdnhcoy,2ZC99Q5B4TS00,BOOKMARKED
h3fghnb3x59oh7r53x8y6a5x38oatqyjym9b31ybss17zqdnhcoy,2ZDZR2G775W00,BOOKMARKED
h3fghnb3x59oh7r53x8y6a5x38oatqyjym9b31ybss17zqdnhcoy,2ZDZR2G775W00,BOOKMARKED
h3fghnb3x59oh7r53x8y6a5x38oatqyjym9b31ybss17zqdnhcoy,2ZDZR2G775W00,BOOKMARKED
h3fghnb3x59oh7r53x8y6a5x38oatqyjym9b31ybss17zqdnhcoy,2ZAVFC1DZHPG0,BOOKMARKED
h3fghnb3x59oh7r53x8y6a5x38oatqyjym9b31ybss17zqdnhcoy,2ZAVDJTWS3P00,BOOKMARKED
h3fghnb3x59oh7r53x8y6a5x38oatqyjym9b31ybss17zqdnhcoy,2Z9NFB8Q1NC00,BOOKMARKED
h3fghnb3x59oh7r53x8y6a5x38oatqyjym9b31ybss17zqdnhcoy,2Z9NFB8Q1NC00,BOOKMARKED
h3fghnb3x59oh7r53x8y6a5x38oatqyjym9b31ybss17zqdnhcoy,2Z9NGRZJ9YC00,BOOKMARKED
h3fghnb3x59oh7r53x8y6a5x38oatqyjym9b31ybss17zqdnhcoy,2Z9NGRZJ9YC00,BOOKMARKED
h3fghnb3x59oh7r53x8y6a5x38oatqyjym9b31ybss17zqdnhcoy,2Z9NGRZJ9YC00,BOOKMARKED
h3fghnb3x59oh7r53x8y6a5x38oatqyjym9b31ybss17zqdnhcoy,2ZECRNM66G900,BOOKMARKED
h3fghnb3x59oh7r53x8y6a5x38oatqyjym9b31ybss17zqdnhcoy,2ZECRNM66G900,BOOKMARKED
h3fghnb3x59oh7r53x8y6a5x38oatqyjym9b31ybss17zqdnhcoy,2ZE8P6VPBVW00,BOOKMARKED
h3fghnb3x59oh7r53x8y6a5x38oatqyjym9b31ybss17zqdnhcoy,2ZD6JHJQ6MZG0,BOOKMARKED
h3fghnb3x59oh7r53x8y6a5x38oatqyjym9b31ybss17zqdnhcoy,2ZD1N7WRVKG00,BOOKMARKED
h3fghnb3x59oh7r53x8y6a5x38oatqyjym9b31ybss17zqdnhcoy,2Z9P8AN738C00,BOOKMARKED
h3fghnb3x59oh7r53x8y6a5x38oatqyjym9b31ybss17zqdnhcoy,2Z9P8AN738C00,BOOKMARKED
h3fghnb3x59oh7r53x8y6a5x38oatqyjym9b31ybss17zqdnhcoy,2Z9P8AN738C00,BOOKMARKED
h3fghnb3x59oh7r53x8y6a5x38oatqyjym9b31ybss17zqdnhcoy,2Z9P8AN738C00,BOOKMARKED
h3fghnb3x59oh7r53x8y6a5x38oatqyjym9b31ybss17zqdnhcoy,2Z9P8AN738C00,BOOKMARKED
h3fghnb3x59oh7r53x8y6a5x38oatqyjym9b31ybss17zqdnhcoy,2Z9P8AN738C00,BOOKMARKED
h3fghnb3x59oh7r53x8y6a5x38oatqyjym9b31ybss17zqdnhcoy,2Z9P8AN738C00,BOOKMARKED
h3fghnb3x59oh7r53x8y6a5x38oatqyjym9b31ybss17zqdnhcoy,2Z9P8AN738C00,BOOKMARKED
h3fghnb3x59oh7r53x8y6a5x38oatqyjym9b31ybss17zqdnhcoy,2Z9P8AN738C00,BOOKMARKED
h3fghnb3x59oh7r53x8y6a5x38oatqyjym9b31ybss17zqdnhcoy,2Z9P8AN738C00,BOOKMARKED
h3fghnb3x59oh7r53x8y6a5x38oatqyjym9b31ybss17zqdnhcoy,2Z9P8AN738C00,BOOKMARKED
h3fghnb3x59oh7r53x8y6a5x38oatqyjym9b31ybss17zqdnhcoy,2Z9P8AN738C00,BOOKMARKED
h3fghnb3x59oh7r53x8y6a5x38oatqyjym9b31ybss17zqdnhcoy,2Z9P8AN738C00,BOOKMARKED
h3fghnb3x59oh7r53x8y6a5x38oatqyjym9b31ybss17zqdnhcoy,2Z9P8AN738C00,BOOKMARKED
h3fghnb3x59oh7r53x8y6a5x38oatqyjym9b31ybss17zqdnhcoy,2ZD6CZS8Z0SG0,TAGGED
h3fghnb3x59oh7r53x8y6a5x38oatqyjym9b31ybss17zqdnhcoy,2ZD6CZS8Z0SG0,TAGGED
h3fghnb3x59oh7r53x8y6a5x38oatqyjym9b31ybss17zqdnhcoy,2ZD6CZS8Z0SG0,TAGGED
h3fghnb3x59oh7r53x8y6a5x38oatqyjym9b31ybss17zqdnhcoy,2ZD6CZS8Z0SG0,TAGGED
h3fghnb3x59oh7r53x8y6a5x38oatqyjym9b31ybss17zqdnhcoy,2ZE8P6VPBVW00,TAGGED
h3fghnb3x59oh7r53x8y6a5x38oatqyjym9b31ybss17zqdnhcoy,2ZE8P6VPBVW00,TAGGED
h3fghnb3x59oh7r53x8y6a5x38oatqyjym9b31ybss17zqdnhcoy,2ZE8P6VPBVW00,TAGGED
h3fghnb3x59oh7r53x8y6a5x38oatqyjym9b31ybss17zqdnhcoy,2ZE8P6VPBVW00,TAGGED
h3fghnb3x59oh7r53x8y6a5x38oatqyjym9b31ybss17zqdnhcoy,2ZECRNM66G900,TAGGED
h3fghnb3x59oh7r53x8y6a5x38oatqyjym9b31ybss17zqdnhcoy,2ZECRNM66G900,TAGGED
h3fghnb3x59oh7r53x8y6a5x38oatqyjym9b31ybss17zqdnhcoy,2ZECRNM66G900,TAGGED
h3fghnb3x59oh7r53x8y6a5x38oatqyjym9b31ybss17zqdnhcoy,2ZECRNM66G900,TAGGED
h3fghnb3x59oh7r53x8y6a5x38oatqyjym9b31ybss17zqdnhcoy,2ZECRNM66G900,TAGGED
h3fghnb3x59oh7r53x8y6a5x38oatqyjym9b31ybss17zqdnhcoy,2ZECRNM66G900,TAGGED
h3fghnb3x59oh7r53x8y6a5x38oatqyjym9b31ybss17zqdnhcoy,2ZECRNM66G900,TAGGED
h3fghnb3x59oh7r53x8y6a5x38oatqyjym9b31ybss17zqdnhcoy,2ZECRNM66G900,TAGGED
h3fghnb3x59oh7r53x8y6a5x38oatqyjym9b31ybss17zqdnhcoy,2ZECRNM66G900,TAGGED
h3fghnb3x59oh7r53x8y6a5x38oatqyjym9b31ybss17zqdnhcoy,2ZECRNM66G900,TAGGED
h3fghnb3x59oh7r53x8y6a5x38oatqyjym9b31ybss17zqdnhcoy,2ZECXVXHZBE00,TAGGED
h3fghnb3x59oh7r53x8y6a5x38oatqyjym9b31ybss17zqdnhcoy,2ZECXVXHZBE00,TAGGED
h3fghnb3x59oh7r53x8y6a5x38oatqyjym9b31ybss17zqdnhcoy,2ZECXVXHZBE00,TAGGED
hj6e38w9dkmpkdmb9c9n6k1yt85ekbqhh3s4aagksdj4zssxg36o,2Z1PBYS0F90G0,TAGGED
hj6e38w9dkmpkdmb9c9n6k1yt85ekbqhh3s4aagksdj4zssxg36o,2Z1PBYS0F90G0,TAGGED
hj6e38w9dkmpkdmb9c9n6k1yt85ekbqhh3s4aagksdj4zssxg36o,2Z1PBYS0F90G0,TAGGED
hj6e38w9dkmpkdmb9c9n6k1yt85ekbqhh3s4aagksdj4zssxg36o,2Z1PBYS0F90G0,TAGGED
hj6e38w9dkmpkdmb9c9n6k1yt85ekbqhh3s4aagksdj4zssxg36o,2Z1PBYS0F90G0,TAGGED
hj6e38w9dkmpkdmb9c9n6k1yt85ekbqhh3s4aagksdj4zssxg36o,2Z1PBYS0F90G0,TAGGED
hj6e38w9dkmpkdmb9c9n6k1yt85ekbqhh3s4aagksdj4zssxg36o,2Z1PBYS0F90G0,TAGGED
hj6e38w9dkmpkdmb9c9n6k1yt85ekbqhh3s4aagksdj4zssxg36o,2Z1PBYS0F90G0,TAGGED
hj6e38w9dkmpkdmb9c9n6k1yt85ekbqhh3s4aagksdj4zssxg36o,2Z1PBYS0F90G0,TAGGED
hj6e38w9dkmpkdmb9c9n6k1yt85ekbqhh3s4aagksdj4zssxg36o,2Z1PBYS0F90G0,TAGGED
hj6e38w9dkmpkdmb9c9n6k1yt85ekbqhh3s4aagksdj4zssxg36o,2Z1PBYS0F90G0,TAGGED
hj6e38w9dkmpkdmb9c9n6k1yt85ekbqhh3s4aagksdj4zssxg36o,2Z1P7H9Y8QV00,TAGGED
hj6e38w9dkmpkdmb9c9n6k1yt85ekbqhh3s4aagksdj4zssxg36o,2Z1P7H9Y8QV00,TAGGED
hj6e38w9dkmpkdmb9c9n6k1yt85ekbqhh3s4aagksdj4zssxg36o,2Z1NP1EQ2PA00,TAGGED
hj6e38w9dkmpkdmb9c9n6k1yt85ekbqhh3s4aagksdj4zssxg36o,2Z1NP1EQ2PA00,TAGGED
hj6e38w9dkmpkdmb9c9n6k1yt85ekbqhh3s4aagksdj4zssxg36o,2Z1NP1EQ2PA00,TAGGED
hj6e38w9dkmpkdmb9c9n6k1yt85ekbqhh3s4aagksdj4zssxg36o,2Z1NP1EQ2PA00,TAGGED
hj6e38w9dkmpkdmb9c9n6k1yt85ekbqhh3s4aagksdj4zssxg36o,2Z1NP1EQ2PA00,TAGGED
hs8iszgmxharf4omxwr7zej196zr4rs4a53ks4tg1ya1efejupty,0RE3ZD46ZB3G,BOOKMARKED
hs8iszgmxharf4omxwr7zej196zr4rs4a53ks4tg1ya1efejupty,2ZDDXBWR520G0,TAGGED
hs8iszgmxharf4omxwr7zej196zr4rs4a53ks4tg1ya1efejupty,2ZDDXBWR520G0,TAGGED
hs8iszgmxharf4omxwr7zej196zr4rs4a53ks4tg1ya1efejupty,0RE3ZCC1Z0KG,TAGGED
hy1njbk65oh5jqdmq37rdh9xfmxojmn1jn93o7zuka5kx59fdd3o,2Z9NFB8Q1NC00,BOOKMARKED
hy1njbk65oh5jqdmq37rdh9xfmxojmn1jn93o7zuka5kx59fdd3o,2Z9NGRZJ9YC00,TAGGED
hy1njbk65oh5jqdmq37rdh9xfmxojmn1jn93o7zuka5kx59fdd3o,2Z9NGRZJ9YC00,TAGGED
hy1njbk65oh5jqdmq37rdh9xfmxojmn1jn93o7zuka5kx59fdd3o,2Z9NGRZJ9YC00,TAGGED
hy1njbk65oh5jqdmq37rdh9xfmxojmn1jn93o7zuka5kx59fdd3o,2Z9NGRZJ9YC00,TAGGED
hy1njbk65oh5jqdmq37rdh9xfmxojmn1jn93o7zuka5kx59fdd3o,2Z9NGRZJ9YC00,TAGGED
hy1njbk65oh5jqdmq37rdh9xfmxojmn1jn93o7zuka5kx59fdd3o,2Z8M80DMTV300,TAGGED
ige6m13kshp3tyhq8ragfapdibixbkzetg8zcdztwwjy16r6erno,2Z1NDENYVN5G0,TAGGED
ige6m13kshp3tyhq8ragfapdibixbkzetg8zcdztwwjy16r6erno,2Z1NDENYVN5G0,TAGGED
ige6m13kshp3tyhq8ragfapdibixbkzetg8zcdztwwjy16r6erno,2Z1NDENYVN5G0,TAGGED
ige6m13kshp3tyhq8ragfapdibixbkzetg8zcdztwwjy16r6erno,2Z1NDENYVN5G0,TAGGED
ijfadmjkfxd6mng41jbuaqgm4adcesr5rcs1epnqtny9e43br4ro,2Z1NJ21ZTWW00,TAGGED
ijfadmjkfxd6mng41jbuaqgm4adcesr5rcs1epnqtny9e43br4ro,2Z1NJ21ZTWW00,TAGGED
ijfadmjkfxd6mng41jbuaqgm4adcesr5rcs1epnqtny9e43br4ro,2Z1NJ21ZTWW00,TAGGED
ijfadmjkfxd6mng41jbuaqgm4adcesr5rcs1epnqtny9e43br4ro,2Z1NJ21ZTWW00,TAGGED
ijfadmjkfxd6mng41jbuaqgm4adcesr5rcs1epnqtny9e43br4ro,2Z1NJ21ZTWW00,TAGGED
ijfadmjkfxd6mng41jbuaqgm4adcesr5rcs1epnqtny9e43br4ro,2Z1NJ21ZTWW00,TAGGED
j6fcwdbf4owi6njn9zrm7tu3tjw3a5itdt9i1rezir7zemtaagyy,2Z1N8QBETQK00,TAGGED
j6fcwdbf4owi6njn9zrm7tu3tjw3a5itdt9i1rezir7zemtaagyy,2Z1N8QBETQK00,TAGGED
j6fcwdbf4owi6njn9zrm7tu3tjw3a5itdt9i1rezir7zemtaagyy,2Z1N8QBETQK00,TAGGED
j6fcwdbf4owi6njn9zrm7tu3tjw3a5itdt9i1rezir7zemtaagyy,2Z1N8QBETQK00,TAGGED
j6fcwdbf4owi6njn9zrm7tu3tjw3a5itdt9i1rezir7zemtaagyy,2Z1N8QBETQK00,TAGGED
j6fcwdbf4owi6njn9zrm7tu3tjw3a5itdt9i1rezir7zemtaagyy,2Z1N8QBETQK00,TAGGED
j6fcwdbf4owi6njn9zrm7tu3tjw3a5itdt9i1rezir7zemtaagyy,2Z1N8QBETQK00,TAGGED
j6fcwdbf4owi6njn9zrm7tu3tjw3a5itdt9i1rezir7zemtaagyy,2Z1N8QBETQK00,TAGGED
j6fcwdbf4owi6njn9zrm7tu3tjw3a5itdt9i1rezir7zemtaagyy,2Z1N8QBETQK00,TAGGED
j6fcwdbf4owi6njn9zrm7tu3tjw3a5itdt9i1rezir7zemtaagyy,2Z1N8QBERAVG0,TAGGED
j6fcwdbf4owi6njn9zrm7tu3tjw3a5itdt9i1rezir7zemtaagyy,2Z1N8QBERAVG0,TAGGED
j6fcwdbf4owi6njn9zrm7tu3tjw3a5itdt9i1rezir7zemtaagyy,2Z1N8QBERAVG0,TAGGED
j6fcwdbf4owi6njn9zrm7tu3tjw3a5itdt9i1rezir7zemtaagyy,2Z1N8QBERAVG0,TAGGED
j6fcwdbf4owi6njn9zrm7tu3tjw3a5itdt9i1rezir7zemtaagyy,2Z1N8QBERAVG0,TAGGED
kt1ujy3zxs1tpxsxrqkdpmon5co959paiknw1s4r1rf1gsnqxnao,2Z9NGRZJ9YC00,BOOKMARKED
kt1ujy3zxs1tpxsxrqkdpmon5co959paiknw1s4r1rf1gsnqxnao,2ZAWY8KSKV600,TAGGED
kt1ujy3zxs1tpxsxrqkdpmon5co959paiknw1s4r1rf1gsnqxnao,2ZAVDJTWS3P00,TAGGED
kt1ujy3zxs1tpxsxrqkdpmon5co959paiknw1s4r1rf1gsnqxnao,2Z9NKTBQF6B00,TAGGED
kt1ujy3zxs1tpxsxrqkdpmon5co959paiknw1s4r1rf1gsnqxnao,2Z9NKTBQF6B00,TAGGED
kt1ujy3zxs1tpxsxrqkdpmon5co959paiknw1s4r1rf1gsnqxnao,2Z9NKTBQF6B00,TAGGED
kt1ujy3zxs1tpxsxrqkdpmon5co959paiknw1s4r1rf1gsnqxnao,2Z9NKTBQF6B00,TAGGED
kt1ujy3zxs1tpxsxrqkdpmon5co959paiknw1s4r1rf1gsnqxnao,2Z9NKTBQF6B00,TAGGED
kt1ujy3zxs1tpxsxrqkdpmon5co959paiknw1s4r1rf1gsnqxnao,2Z9NFB8Q1NC00,TAGGED
kt1ujy3zxs1tpxsxrqkdpmon5co959paiknw1s4r1rf1gsnqxnao,2Z9NFB8Q1NC00,TAGGED
kujmtrs7spa53btsufix7phj6frc1eymeqbctbu5s9fgxcsnjy6o,2Z1N8QBETW700,TAGGED
kujmtrs7spa53btsufix7phj6frc1eymeqbctbu5s9fgxcsnjy6o,2Z1N8QBEV1D00,TAGGED
kujmtrs7spa53btsufix7phj6frc1eymeqbctbu5s9fgxcsnjy6o,2Z1N8QBEV1D00,TAGGED
kujmtrs7spa53btsufix7phj6frc1eymeqbctbu5s9fgxcsnjy6o,2Z1N8QBEV1D00,TAGGED
kujmtrs7spa53btsufix7phj6frc1eymeqbctbu5s9fgxcsnjy6o,2Z1N8QBEV1D00,TAGGED
kujmtrs7spa53btsufix7phj6frc1eymeqbctbu5s9fgxcsnjy6o,2Z1N8QBEV1D00,TAGGED
kujmtrs7spa53btsufix7phj6frc1eymeqbctbu5s9fgxcsnjy6o,2Z1N8QBEV1D00,TAGGED
kujmtrs7spa53btsufix7phj6frc1eymeqbctbu5s9fgxcsnjy6o,2Z1N8QBEV1D00,TAGGED
kujmtrs7spa53btsufix7phj6frc1eymeqbctbu5s9fgxcsnjy6o,2Z1N8QBETW700,TAGGED
kujmtrs7spa53btsufix7phj6frc1eymeqbctbu5s9fgxcsnjy6o,2Z1N8QBETW700,TAGGED
kujmtrs7spa53btsufix7phj6frc1eymeqbctbu5s9fgxcsnjy6o,2Z1N8QBER6300,TAGGED
kujmtrs7spa53btsufix7phj6frc1eymeqbctbu5s9fgxcsnjy6o,2Z1N8QBER6300,TAGGED
kujmtrs7spa53btsufix7phj6frc1eymeqbctbu5s9fgxcsnjy6o,2Z1N8QBER6300,TAGGED
kujmtrs7spa53btsufix7phj6frc1eymeqbctbu5s9fgxcsnjy6o,2Z1N8QBER6300,TAGGED
kujmtrs7spa53btsufix7phj6frc1eymeqbctbu5s9fgxcsnjy6o,2Z1N8QBESWP00,TAGGED
kujmtrs7spa53btsufix7phj6frc1eymeqbctbu5s9fgxcsnjy6o,2Z1N8QBESWP00,TAGGED
kujmtrs7spa53btsufix7phj6frc1eymeqbctbu5s9fgxcsnjy6o,2Z1N8QBETG5G0,TAGGED
kujmtrs7spa53btsufix7phj6frc1eymeqbctbu5s9fgxcsnjy6o,2Z1N8QBETG5G0,TAGGED
kujmtrs7spa53btsufix7phj6frc1eymeqbctbu5s9fgxcsnjy6o,2Z1N8QBETG5G0,TAGGED
kujmtrs7spa53btsufix7phj6frc1eymeqbctbu5s9fgxcsnjy6o,2Z1N8QBETG5G0,TAGGED
kujmtrs7spa53btsufix7phj6frc1eymeqbctbu5s9fgxcsnjy6o,2Z1N8QBETG5G0,TAGGED
kujmtrs7spa53btsufix7phj6frc1eymeqbctbu5s9fgxcsnjy6o,2Z1N8QBETG5G0,TAGGED
kujmtrs7spa53btsufix7phj6frc1eymeqbctbu5s9fgxcsnjy6o,2Z1N8QBETHK00,TAGGED
kujmtrs7spa53btsufix7phj6frc1eymeqbctbu5s9fgxcsnjy6o,2Z1N8QBETHK00,TAGGED
kujmtrs7spa53btsufix7phj6frc1eymeqbctbu5s9fgxcsnjy6o,2Z1N8QBETHK00,TAGGED
kujmtrs7spa53btsufix7phj6frc1eymeqbctbu5s9fgxcsnjy6o,2Z1N8QBETHK00,TAGGED
kujmtrs7spa53btsufix7phj6frc1eymeqbctbu5s9fgxcsnjy6o,2Z1N8QBETHK00,TAGGED
kujmtrs7spa53btsufix7phj6frc1eymeqbctbu5s9fgxcsnjy6o,2Z1N8QBETHK00,TAGGED
kujmtrs7spa53btsufix7phj6frc1eymeqbctbu5s9fgxcsnjy6o,2Z1N8QBETHK00,TAGGED
kujmtrs7spa53btsufix7phj6frc1eymeqbctbu5s9fgxcsnjy6o,2Z1N8QBETHK00,TAGGED
kujmtrs7spa53btsufix7phj6frc1eymeqbctbu5s9fgxcsnjy6o,2Z1N8QBETHK00,TAGGED
kujmtrs7spa53btsufix7phj6frc1eymeqbctbu5s9fgxcsnjy6o,2Z1N8QBETKR00,TAGGED
kujmtrs7spa53btsufix7phj6frc1eymeqbctbu5s9fgxcsnjy6o,2Z1N8QBETKR00,TAGGED
kujmtrs7spa53btsufix7phj6frc1eymeqbctbu5s9fgxcsnjy6o,2Z1N8QBETKR00,TAGGED
kujmtrs7spa53btsufix7phj6frc1eymeqbctbu5s9fgxcsnjy6o,2Z1N8QBETKR00,TAGGED
kujmtrs7spa53btsufix7phj6frc1eymeqbctbu5s9fgxcsnjy6o,2Z1N8QBETKR00,TAGGED
kujmtrs7spa53btsufix7phj6frc1eymeqbctbu5s9fgxcsnjy6o,2Z1N8QBETKR00,TAGGED
kujmtrs7spa53btsufix7phj6frc1eymeqbctbu5s9fgxcsnjy6o,2Z1N8QBETW700,TAGGED
kujmtrs7spa53btsufix7phj6frc1eymeqbctbu5s9fgxcsnjy6o,2Z1N8QBETW700,TAGGED
kujmtrs7spa53btsufix7phj6frc1eymeqbctbu5s9fgxcsnjy6o,2Z1N8QBETW700,TAGGED
kujmtrs7spa53btsufix7phj6frc1eymeqbctbu5s9fgxcsnjy6o,2Z1N8QBETW700,TAGGED
kujmtrs7spa53btsufix7phj6frc1eymeqbctbu5s9fgxcsnjy6o,2Z1N8QBETW700,TAGGED
kujmtrs7spa53btsufix7phj6frc1eymeqbctbu5s9fgxcsnjy6o,2Z1N8QBETW700,TAGGED
kujmtrs7spa53btsufix7phj6frc1eymeqbctbu5s9fgxcsnjy6o,2Z1N8QBETW700,TAGGED
kzq3o8y8w1b7ffogpq73okop4gb3ahm31ytwwk1na8p6gpr4511o,2ZAV28YDJSXG0,TAGGED
kzq3o8y8w1b7ffogpq73okop4gb3ahm31ytwwk1na8p6gpr4511o,2ZDZR2G775W00,TAGGED
kzq3o8y8w1b7ffogpq73okop4gb3ahm31ytwwk1na8p6gpr4511o,2ZDZR2G775W00,TAGGED
kzq3o8y8w1b7ffogpq73okop4gb3ahm31ytwwk1na8p6gpr4511o,2ZDZK595DDRG0,TAGGED
kzq3o8y8w1b7ffogpq73okop4gb3ahm31ytwwk1na8p6gpr4511o,2ZDZK595DDRG0,TAGGED
kzq3o8y8w1b7ffogpq73okop4gb3ahm31ytwwk1na8p6gpr4511o,2ZDZHGVTQV600,TAGGED
kzq3o8y8w1b7ffogpq73okop4gb3ahm31ytwwk1na8p6gpr4511o,2ZDZHGVTQV600,TAGGED
kzq3o8y8w1b7ffogpq73okop4gb3ahm31ytwwk1na8p6gpr4511o,2ZDZHGVTQV600,TAGGED
kzq3o8y8w1b7ffogpq73okop4gb3ahm31ytwwk1na8p6gpr4511o,2ZDZ7PM0JVK00,TAGGED
kzq3o8y8w1b7ffogpq73okop4gb3ahm31ytwwk1na8p6gpr4511o,2ZDZ7PM0JVK00,TAGGED
kzq3o8y8w1b7ffogpq73okop4gb3ahm31ytwwk1na8p6gpr4511o,2ZDZ4DTKRJ900,TAGGED
kzq3o8y8w1b7ffogpq73okop4gb3ahm31ytwwk1na8p6gpr4511o,2ZDZ4DTKRJ900,TAGGED
kzq3o8y8w1b7ffogpq73okop4gb3ahm31ytwwk1na8p6gpr4511o,2ZDZ4DTKRJ900,TAGGED
kzq3o8y8w1b7ffogpq73okop4gb3ahm31ytwwk1na8p6gpr4511o,2ZDZ2SF29HK00,TAGGED
kzq3o8y8w1b7ffogpq73okop4gb3ahm31ytwwk1na8p6gpr4511o,2ZDZ2SF29HK00,TAGGED
kzq3o8y8w1b7ffogpq73okop4gb3ahm31ytwwk1na8p6gpr4511o,2ZDZ2SF29HK00,TAGGED
kzq3o8y8w1b7ffogpq73okop4gb3ahm31ytwwk1na8p6gpr4511o,2ZDYZGQ4XKTG0,TAGGED
kzq3o8y8w1b7ffogpq73okop4gb3ahm31ytwwk1na8p6gpr4511o,2ZDYZGQ4XKTG0,TAGGED
kzq3o8y8w1b7ffogpq73okop4gb3ahm31ytwwk1na8p6gpr4511o,2ZDYXW8751NG0,TAGGED
kzq3o8y8w1b7ffogpq73okop4gb3ahm31ytwwk1na8p6gpr4511o,2ZDYXW8751NG0,TAGGED
kzq3o8y8w1b7ffogpq73okop4gb3ahm31ytwwk1na8p6gpr4511o,2ZDYQAQFA74G0,TAGGED
kzq3o8y8w1b7ffogpq73okop4gb3ahm31ytwwk1na8p6gpr4511o,2ZDYQAQFA74G0,TAGGED
kzq3o8y8w1b7ffogpq73okop4gb3ahm31ytwwk1na8p6gpr4511o,2ZDYQAQFA74G0,TAGGED
kzq3o8y8w1b7ffogpq73okop4gb3ahm31ytwwk1na8p6gpr4511o,2ZDYGS5S86D00,TAGGED
kzq3o8y8w1b7ffogpq73okop4gb3ahm31ytwwk1na8p6gpr4511o,2ZDYGS5S86D00,TAGGED
kzq3o8y8w1b7ffogpq73okop4gb3ahm31ytwwk1na8p6gpr4511o,2ZDYGS5S86D00,TAGGED
kzq3o8y8w1b7ffogpq73okop4gb3ahm31ytwwk1na8p6gpr4511o,2ZDYA7MH312G0,TAGGED
kzq3o8y8w1b7ffogpq73okop4gb3ahm31ytwwk1na8p6gpr4511o,2ZDYA7MH312G0,TAGGED
kzq3o8y8w1b7ffogpq73okop4gb3ahm31ytwwk1na8p6gpr4511o,2ZDY3P2P13RG0,TAGGED
kzq3o8y8w1b7ffogpq73okop4gb3ahm31ytwwk1na8p6gpr4511o,2ZDY3P2P13RG0,TAGGED
kzq3o8y8w1b7ffogpq73okop4gb3ahm31ytwwk1na8p6gpr4511o,2ZDXX4HE9DPG0,TAGGED
kzq3o8y8w1b7ffogpq73okop4gb3ahm31ytwwk1na8p6gpr4511o,2ZDXX4HE9DPG0,TAGGED
kzq3o8y8w1b7ffogpq73okop4gb3ahm31ytwwk1na8p6gpr4511o,2ZDXPJZ3SB600,TAGGED
kzq3o8y8w1b7ffogpq73okop4gb3ahm31ytwwk1na8p6gpr4511o,2ZDXPJZ3SB600,TAGGED
kzq3o8y8w1b7ffogpq73okop4gb3ahm31ytwwk1na8p6gpr4511o,2ZDXPJZ3SB600,TAGGED
kzq3o8y8w1b7ffogpq73okop4gb3ahm31ytwwk1na8p6gpr4511o,2ZDXG1EB5TZ00,TAGGED
kzq3o8y8w1b7ffogpq73okop4gb3ahm31ytwwk1na8p6gpr4511o,2ZDXG1EB5TZ00,TAGGED
kzq3o8y8w1b7ffogpq73okop4gb3ahm31ytwwk1na8p6gpr4511o,2ZDX9FWEXSW00,TAGGED
kzq3o8y8w1b7ffogpq73okop4gb3ahm31ytwwk1na8p6gpr4511o,2ZDX9FWEXSW00,TAGGED
kzq3o8y8w1b7ffogpq73okop4gb3ahm31ytwwk1na8p6gpr4511o,2ZDX2YBC5Y7G0,TAGGED
kzq3o8y8w1b7ffogpq73okop4gb3ahm31ytwwk1na8p6gpr4511o,2ZDX2YBC5Y7G0,TAGGED
kzq3o8y8w1b7ffogpq73okop4gb3ahm31ytwwk1na8p6gpr4511o,2ZDWWCSRRZJG0,TAGGED
kzq3o8y8w1b7ffogpq73okop4gb3ahm31ytwwk1na8p6gpr4511o,2ZDWWCSRRZJG0,TAGGED
kzq3o8y8w1b7ffogpq73okop4gb3ahm31ytwwk1na8p6gpr4511o,2ZDWNV9TDMT00,TAGGED
kzq3o8y8w1b7ffogpq73okop4gb3ahm31ytwwk1na8p6gpr4511o,2ZDWNV9TDMT00,TAGGED
kzq3o8y8w1b7ffogpq73okop4gb3ahm31ytwwk1na8p6gpr4511o,2ZDWGY905Z4G0,TAGGED
kzq3o8y8w1b7ffogpq73okop4gb3ahm31ytwwk1na8p6gpr4511o,2ZDWGY905Z4G0,TAGGED
kzq3o8y8w1b7ffogpq73okop4gb3ahm31ytwwk1na8p6gpr4511o,2ZDWF9PVQ4SG0,TAGGED
kzq3o8y8w1b7ffogpq73okop4gb3ahm31ytwwk1na8p6gpr4511o,2ZDWF9PVQ4SG0,TAGGED
kzq3o8y8w1b7ffogpq73okop4gb3ahm31ytwwk1na8p6gpr4511o,2ZDW8R72ANMG0,TAGGED
kzq3o8y8w1b7ffogpq73okop4gb3ahm31ytwwk1na8p6gpr4511o,2ZDW8R72ANMG0,TAGGED
kzq3o8y8w1b7ffogpq73okop4gb3ahm31ytwwk1na8p6gpr4511o,2ZDW5FEHH6C00,TAGGED
kzq3o8y8w1b7ffogpq73okop4gb3ahm31ytwwk1na8p6gpr4511o,2ZDW5FEHH6C00,TAGGED
kzq3o8y8w1b7ffogpq73okop4gb3ahm31ytwwk1na8p6gpr4511o,2ZDW3V5Y7W000,TAGGED
kzq3o8y8w1b7ffogpq73okop4gb3ahm31ytwwk1na8p6gpr4511o,2ZDW3V5Y7W000,TAGGED
kzq3o8y8w1b7ffogpq73okop4gb3ahm31ytwwk1na8p6gpr4511o,2ZDW26N6BG3G0,TAGGED
kzq3o8y8w1b7ffogpq73okop4gb3ahm31ytwwk1na8p6gpr4511o,2ZDW26N6BG3G0,TAGGED
kzq3o8y8w1b7ffogpq73okop4gb3ahm31ytwwk1na8p6gpr4511o,2ZDW0J90AN000,TAGGED
kzq3o8y8w1b7ffogpq73okop4gb3ahm31ytwwk1na8p6gpr4511o,2ZDW0J90AN000,TAGGED
kzq3o8y8w1b7ffogpq73okop4gb3ahm31ytwwk1na8p6gpr4511o,2ZDW0J90AN000,TAGGED
kzq3o8y8w1b7ffogpq73okop4gb3ahm31ytwwk1na8p6gpr4511o,2ZDVVN3JX77G0,TAGGED
kzq3o8y8w1b7ffogpq73okop4gb3ahm31ytwwk1na8p6gpr4511o,2ZDVVN3JX77G0,TAGGED
kzq3o8y8w1b7ffogpq73okop4gb3ahm31ytwwk1na8p6gpr4511o,2ZDVN3FNZHA00,TAGGED
kzq3o8y8w1b7ffogpq73okop4gb3ahm31ytwwk1na8p6gpr4511o,2ZDVN3FNZHA00,TAGGED
kzq3o8y8w1b7ffogpq73okop4gb3ahm31ytwwk1na8p6gpr4511o,2ZDVEJ08D0Y00,TAGGED
kzq3o8y8w1b7ffogpq73okop4gb3ahm31ytwwk1na8p6gpr4511o,2ZDVEJ08D0Y00,TAGGED
kzq3o8y8w1b7ffogpq73okop4gb3ahm31ytwwk1na8p6gpr4511o,2ZDV80CDGWC00,TAGGED
kzq3o8y8w1b7ffogpq73okop4gb3ahm31ytwwk1na8p6gpr4511o,2ZDV80CDGWC00,TAGGED
kzq3o8y8w1b7ffogpq73okop4gb3ahm31ytwwk1na8p6gpr4511o,2ZDV33AYH4XG0,TAGGED
kzq3o8y8w1b7ffogpq73okop4gb3ahm31ytwwk1na8p6gpr4511o,2ZDV33AYH4XG0,TAGGED
kzq3o8y8w1b7ffogpq73okop4gb3ahm31ytwwk1na8p6gpr4511o,2ZDV1EW195M00,TAGGED
kzq3o8y8w1b7ffogpq73okop4gb3ahm31ytwwk1na8p6gpr4511o,2ZDV1EW195M00,TAGGED
kzq3o8y8w1b7ffogpq73okop4gb3ahm31ytwwk1na8p6gpr4511o,2ZDTTX9HKAT00,TAGGED
kzq3o8y8w1b7ffogpq73okop4gb3ahm31ytwwk1na8p6gpr4511o,2ZDTTX9HKAT00,TAGGED
kzq3o8y8w1b7ffogpq73okop4gb3ahm31ytwwk1na8p6gpr4511o,2ZDTP06PKKTG0,TAGGED
kzq3o8y8w1b7ffogpq73okop4gb3ahm31ytwwk1na8p6gpr4511o,2ZDTP06PKKTG0,TAGGED
kzq3o8y8w1b7ffogpq73okop4gb3ahm31ytwwk1na8p6gpr4511o,2ZDTMBRKJV700,TAGGED
kzq3o8y8w1b7ffogpq73okop4gb3ahm31ytwwk1na8p6gpr4511o,2ZDTMBRKJV700,TAGGED
kzq3o8y8w1b7ffogpq73okop4gb3ahm31ytwwk1na8p6gpr4511o,2ZDTDT694BQG0,TAGGED
kzq3o8y8w1b7ffogpq73okop4gb3ahm31ytwwk1na8p6gpr4511o,2ZDTDT694BQG0,TAGGED
kzq3o8y8w1b7ffogpq73okop4gb3ahm31ytwwk1na8p6gpr4511o,2ZDTAHEV6YR00,TAGGED
kzq3o8y8w1b7ffogpq73okop4gb3ahm31ytwwk1na8p6gpr4511o,2ZDTAHEV6YR00,TAGGED
kzq3o8y8w1b7ffogpq73okop4gb3ahm31ytwwk1na8p6gpr4511o,2ZDT78ND8T500,TAGGED
kzq3o8y8w1b7ffogpq73okop4gb3ahm31ytwwk1na8p6gpr4511o,2ZDT78ND8T500,TAGGED
kzq3o8y8w1b7ffogpq73okop4gb3ahm31ytwwk1na8p6gpr4511o,2ZDT5MAJJ55G0,TAGGED
kzq3o8y8w1b7ffogpq73okop4gb3ahm31ytwwk1na8p6gpr4511o,2ZDT5MAJJ55G0,TAGGED
kzq3o8y8w1b7ffogpq73okop4gb3ahm31ytwwk1na8p6gpr4511o,2ZDT5MAJJ55G0,TAGGED
kzq3o8y8w1b7ffogpq73okop4gb3ahm31ytwwk1na8p6gpr4511o,2ZDT2BHYHD5G0,TAGGED
kzq3o8y8w1b7ffogpq73okop4gb3ahm31ytwwk1na8p6gpr4511o,2ZDT2BHYHD5G0,TAGGED
kzq3o8y8w1b7ffogpq73okop4gb3ahm31ytwwk1na8p6gpr4511o,2ZDT0Q33GBB00,TAGGED
kzq3o8y8w1b7ffogpq73okop4gb3ahm31ytwwk1na8p6gpr4511o,2ZDT0Q33GBB00,TAGGED
kzq3o8y8w1b7ffogpq73okop4gb3ahm31ytwwk1na8p6gpr4511o,2ZDST5J63VC00,TAGGED
kzq3o8y8w1b7ffogpq73okop4gb3ahm31ytwwk1na8p6gpr4511o,2ZDST5J63VC00,TAGGED
kzq3o8y8w1b7ffogpq73okop4gb3ahm31ytwwk1na8p6gpr4511o,2ZDSKKZWJQJG0,TAGGED
kzq3o8y8w1b7ffogpq73okop4gb3ahm31ytwwk1na8p6gpr4511o,2ZDSKKZWJQJG0,TAGGED
kzq3o8y8w1b7ffogpq73okop4gb3ahm31ytwwk1na8p6gpr4511o,2ZDSD2F1V6J00,TAGGED
kzq3o8y8w1b7ffogpq73okop4gb3ahm31ytwwk1na8p6gpr4511o,2ZDSD2F1V6J00,TAGGED
kzq3o8y8w1b7ffogpq73okop4gb3ahm31ytwwk1na8p6gpr4511o,2ZDS6GWNSDDG0,TAGGED
kzq3o8y8w1b7ffogpq73okop4gb3ahm31ytwwk1na8p6gpr4511o,2ZDS6GWNSDDG0,TAGGED
kzq3o8y8w1b7ffogpq73okop4gb3ahm31ytwwk1na8p6gpr4511o,2ZDS6GWNSDDG0,TAGGED
kzq3o8y8w1b7ffogpq73okop4gb3ahm31ytwwk1na8p6gpr4511o,2ZDRZZCEDAF00,TAGGED
kzq3o8y8w1b7ffogpq73okop4gb3ahm31ytwwk1na8p6gpr4511o,2ZDRZZCEDAF00,TAGGED
kzq3o8y8w1b7ffogpq73okop4gb3ahm31ytwwk1na8p6gpr4511o,2ZDRZZCEDAF00,TAGGED
kzq3o8y8w1b7ffogpq73okop4gb3ahm31ytwwk1na8p6gpr4511o,2ZDRZZCEDAF00,TAGGED
kzq3o8y8w1b7ffogpq73okop4gb3ahm31ytwwk1na8p6gpr4511o,2ZDRSDSNTH400,TAGGED
kzq3o8y8w1b7ffogpq73okop4gb3ahm31ytwwk1na8p6gpr4511o,2ZDRSDSNTH400,TAGGED
kzq3o8y8w1b7ffogpq73okop4gb3ahm31ytwwk1na8p6gpr4511o,2ZDRSDSNTH400,TAGGED
kzq3o8y8w1b7ffogpq73okop4gb3ahm31ytwwk1na8p6gpr4511o,2ZDRJW8TVK0G0,TAGGED
kzq3o8y8w1b7ffogpq73okop4gb3ahm31ytwwk1na8p6gpr4511o,2ZDRJW8TVK0G0,TAGGED
kzq3o8y8w1b7ffogpq73okop4gb3ahm31ytwwk1na8p6gpr4511o,2ZDRJW8TVK0G0,TAGGED
kzq3o8y8w1b7ffogpq73okop4gb3ahm31ytwwk1na8p6gpr4511o,2ZDRCAPMQAK00,TAGGED
kzq3o8y8w1b7ffogpq73okop4gb3ahm31ytwwk1na8p6gpr4511o,2ZDRCAPMQAK00,TAGGED
kzq3o8y8w1b7ffogpq73okop4gb3ahm31ytwwk1na8p6gpr4511o,2ZDRCAPMQAK00,TAGGED
kzq3o8y8w1b7ffogpq73okop4gb3ahm31ytwwk1na8p6gpr4511o,2ZDR5S6HTRQ00,TAGGED
kzq3o8y8w1b7ffogpq73okop4gb3ahm31ytwwk1na8p6gpr4511o,2ZDR5S6HTRQ00,TAGGED
kzq3o8y8w1b7ffogpq73okop4gb3ahm31ytwwk1na8p6gpr4511o,2ZDR5S6HTRQ00,TAGGED
kzq3o8y8w1b7ffogpq73okop4gb3ahm31ytwwk1na8p6gpr4511o,2ZDQZ7KMAVC00,TAGGED
kzq3o8y8w1b7ffogpq73okop4gb3ahm31ytwwk1na8p6gpr4511o,2ZDQZ7KMAVC00,TAGGED
kzq3o8y8w1b7ffogpq73okop4gb3ahm31ytwwk1na8p6gpr4511o,2ZDQZ7KMAVC00,TAGGED
kzq3o8y8w1b7ffogpq73okop4gb3ahm31ytwwk1na8p6gpr4511o,2ZDQRP4YNY6G0,TAGGED
kzq3o8y8w1b7ffogpq73okop4gb3ahm31ytwwk1na8p6gpr4511o,2ZDQRP4YNY6G0,TAGGED
kzq3o8y8w1b7ffogpq73okop4gb3ahm31ytwwk1na8p6gpr4511o,2ZDQRP4YNY6G0,TAGGED
kzq3o8y8w1b7ffogpq73okop4gb3ahm31ytwwk1na8p6gpr4511o,2ZDQKS2KMQ000,TAGGED
kzq3o8y8w1b7ffogpq73okop4gb3ahm31ytwwk1na8p6gpr4511o,2ZDQKS2KMQ000,TAGGED
kzq3o8y8w1b7ffogpq73okop4gb3ahm31ytwwk1na8p6gpr4511o,2ZDQKS2KMQ000,TAGGED
kzq3o8y8w1b7ffogpq73okop4gb3ahm31ytwwk1na8p6gpr4511o,2ZDQJ4GXET7G0,TAGGED
kzq3o8y8w1b7ffogpq73okop4gb3ahm31ytwwk1na8p6gpr4511o,2ZDQJ4GXET7G0,TAGGED
kzq3o8y8w1b7ffogpq73okop4gb3ahm31ytwwk1na8p6gpr4511o,2ZDQJ4GXET7G0,TAGGED
kzq3o8y8w1b7ffogpq73okop4gb3ahm31ytwwk1na8p6gpr4511o,2ZDQBK17ZQ3G0,TAGGED
kzq3o8y8w1b7ffogpq73okop4gb3ahm31ytwwk1na8p6gpr4511o,2ZDQBK17ZQ3G0,TAGGED
kzq3o8y8w1b7ffogpq73okop4gb3ahm31ytwwk1na8p6gpr4511o,2ZDQ8A9MQW8G0,TAGGED
kzq3o8y8w1b7ffogpq73okop4gb3ahm31ytwwk1na8p6gpr4511o,2ZDQ8A9MQW8G0,TAGGED
kzq3o8y8w1b7ffogpq73okop4gb3ahm31ytwwk1na8p6gpr4511o,2ZDQ6NZTPNQ00,TAGGED
kzq3o8y8w1b7ffogpq73okop4gb3ahm31ytwwk1na8p6gpr4511o,2ZDQ6NZTPNQ00,TAGGED
kzq3o8y8w1b7ffogpq73okop4gb3ahm31ytwwk1na8p6gpr4511o,2ZDQ51DAF22G0,TAGGED
kzq3o8y8w1b7ffogpq73okop4gb3ahm31ytwwk1na8p6gpr4511o,2ZDQ51DAF22G0,TAGGED
kzq3o8y8w1b7ffogpq73okop4gb3ahm31ytwwk1na8p6gpr4511o,2ZDQ3D3EKP700,TAGGED
kzq3o8y8w1b7ffogpq73okop4gb3ahm31ytwwk1na8p6gpr4511o,2ZDQ3D3EKP700,TAGGED
kzq3o8y8w1b7ffogpq73okop4gb3ahm31ytwwk1na8p6gpr4511o,2ZDQ3D3EKP700,TAGGED
kzq3o8y8w1b7ffogpq73okop4gb3ahm31ytwwk1na8p6gpr4511o,2ZDPYFYPYTVG0,TAGGED
kzq3o8y8w1b7ffogpq73okop4gb3ahm31ytwwk1na8p6gpr4511o,2ZDPYFYPYTVG0,TAGGED
kzq3o8y8w1b7ffogpq73okop4gb3ahm31ytwwk1na8p6gpr4511o,2ZDPQYABQQQ00,TAGGED
kzq3o8y8w1b7ffogpq73okop4gb3ahm31ytwwk1na8p6gpr4511o,2ZDPQYABQQQ00,TAGGED
kzq3o8y8w1b7ffogpq73okop4gb3ahm31ytwwk1na8p6gpr4511o,2ZDPHVBK54XG0,TAGGED
kzq3o8y8w1b7ffogpq73okop4gb3ahm31ytwwk1na8p6gpr4511o,2ZDPHVBK54XG0,TAGGED
kzq3o8y8w1b7ffogpq73okop4gb3ahm31ytwwk1na8p6gpr4511o,2ZDPHVBK54XG0,TAGGED
kzq3o8y8w1b7ffogpq73okop4gb3ahm31ytwwk1na8p6gpr4511o,2ZDPHVBK54XG0,TAGGED
kzq3o8y8w1b7ffogpq73okop4gb3ahm31ytwwk1na8p6gpr4511o,2ZB20XR1N4D00,TAGGED
kzq3o8y8w1b7ffogpq73okop4gb3ahm31ytwwk1na8p6gpr4511o,2ZB20XR1N4D00,TAGGED
kzq3o8y8w1b7ffogpq73okop4gb3ahm31ytwwk1na8p6gpr4511o,2ZB1XN0942200,TAGGED
kzq3o8y8w1b7ffogpq73okop4gb3ahm31ytwwk1na8p6gpr4511o,2ZB1XN0942200,TAGGED
kzq3o8y8w1b7ffogpq73okop4gb3ahm31ytwwk1na8p6gpr4511o,2ZB1TC6J2KK00,TAGGED
kzq3o8y8w1b7ffogpq73okop4gb3ahm31ytwwk1na8p6gpr4511o,2ZB1TC6J2KK00,TAGGED
kzq3o8y8w1b7ffogpq73okop4gb3ahm31ytwwk1na8p6gpr4511o,2ZB1RQTAXFR00,TAGGED
kzq3o8y8w1b7ffogpq73okop4gb3ahm31ytwwk1na8p6gpr4511o,2ZB1RQTAXFR00,TAGGED
kzq3o8y8w1b7ffogpq73okop4gb3ahm31ytwwk1na8p6gpr4511o,2ZB1RQTAXFR00,TAGGED
kzq3o8y8w1b7ffogpq73okop4gb3ahm31ytwwk1na8p6gpr4511o,2ZB1NF3BF7GG0,TAGGED
kzq3o8y8w1b7ffogpq73okop4gb3ahm31ytwwk1na8p6gpr4511o,2ZB1NF3BF7GG0,TAGGED
kzq3o8y8w1b7ffogpq73okop4gb3ahm31ytwwk1na8p6gpr4511o,2ZB1KTN60RN00,TAGGED
kzq3o8y8w1b7ffogpq73okop4gb3ahm31ytwwk1na8p6gpr4511o,2ZB1KTN60RN00,TAGGED
kzq3o8y8w1b7ffogpq73okop4gb3ahm31ytwwk1na8p6gpr4511o,2ZB1D91D0AAG0,TAGGED
kzq3o8y8w1b7ffogpq73okop4gb3ahm31ytwwk1na8p6gpr4511o,2ZB1D91D0AAG0,TAGGED
kzq3o8y8w1b7ffogpq73okop4gb3ahm31ytwwk1na8p6gpr4511o,2ZB16QG14K1G0,TAGGED
kzq3o8y8w1b7ffogpq73okop4gb3ahm31ytwwk1na8p6gpr4511o,2ZB16QG14K1G0,TAGGED
kzq3o8y8w1b7ffogpq73okop4gb3ahm31ytwwk1na8p6gpr4511o,2ZB105Y98Q0G0,TAGGED
kzq3o8y8w1b7ffogpq73okop4gb3ahm31ytwwk1na8p6gpr4511o,2ZB105Y98Q0G0,TAGGED
kzq3o8y8w1b7ffogpq73okop4gb3ahm31ytwwk1na8p6gpr4511o,2ZB105Y98Q0G0,TAGGED
kzq3o8y8w1b7ffogpq73okop4gb3ahm31ytwwk1na8p6gpr4511o,2ZB0SMCYX7J00,TAGGED
kzq3o8y8w1b7ffogpq73okop4gb3ahm31ytwwk1na8p6gpr4511o,2ZB0SMCYX7J00,TAGGED
kzq3o8y8w1b7ffogpq73okop4gb3ahm31ytwwk1na8p6gpr4511o,2ZB0K2V4Y6KG0,TAGGED
kzq3o8y8w1b7ffogpq73okop4gb3ahm31ytwwk1na8p6gpr4511o,2ZB0K2V4Y6KG0,TAGGED
kzq3o8y8w1b7ffogpq73okop4gb3ahm31ytwwk1na8p6gpr4511o,2ZB0CHACWC6G0,TAGGED
kzq3o8y8w1b7ffogpq73okop4gb3ahm31ytwwk1na8p6gpr4511o,2ZB0CHACWC6G0,TAGGED
kzq3o8y8w1b7ffogpq73okop4gb3ahm31ytwwk1na8p6gpr4511o,2ZB05ZR9VTK00,TAGGED
kzq3o8y8w1b7ffogpq73okop4gb3ahm31ytwwk1na8p6gpr4511o,2ZB05ZR9VTK00,TAGGED
kzq3o8y8w1b7ffogpq73okop4gb3ahm31ytwwk1na8p6gpr4511o,2ZAZZE6EDRQ00,TAGGED
kzq3o8y8w1b7ffogpq73okop4gb3ahm31ytwwk1na8p6gpr4511o,2ZAZZE6EDRQ00,TAGGED
kzq3o8y8w1b7ffogpq73okop4gb3ahm31ytwwk1na8p6gpr4511o,2ZAZRWNFQGDG0,TAGGED
kzq3o8y8w1b7ffogpq73okop4gb3ahm31ytwwk1na8p6gpr4511o,2ZAZRWNFQGDG0,TAGGED
kzq3o8y8w1b7ffogpq73okop4gb3ahm31ytwwk1na8p6gpr4511o,2ZAZJB037XFG0,TAGGED
kzq3o8y8w1b7ffogpq73okop4gb3ahm31ytwwk1na8p6gpr4511o,2ZAZJB037XFG0,TAGGED
kzq3o8y8w1b7ffogpq73okop4gb3ahm31ytwwk1na8p6gpr4511o,2ZAZBSFANCN00,TAGGED
kzq3o8y8w1b7ffogpq73okop4gb3ahm31ytwwk1na8p6gpr4511o,2ZAZBSFANCN00,TAGGED
kzq3o8y8w1b7ffogpq73okop4gb3ahm31ytwwk1na8p6gpr4511o,2ZAZ6WB0WNEG0,TAGGED
kzq3o8y8w1b7ffogpq73okop4gb3ahm31ytwwk1na8p6gpr4511o,2ZAZ6WB0WNEG0,TAGGED
kzq3o8y8w1b7ffogpq73okop4gb3ahm31ytwwk1na8p6gpr4511o,2ZAZ57X95J500,TAGGED
kzq3o8y8w1b7ffogpq73okop4gb3ahm31ytwwk1na8p6gpr4511o,2ZAZ57X95J500,TAGGED
kzq3o8y8w1b7ffogpq73okop4gb3ahm31ytwwk1na8p6gpr4511o,2ZAYYPCEEWWG0,TAGGED
kzq3o8y8w1b7ffogpq73okop4gb3ahm31ytwwk1na8p6gpr4511o,2ZAYYPCEEWWG0,TAGGED
kzq3o8y8w1b7ffogpq73okop4gb3ahm31ytwwk1na8p6gpr4511o,2ZAYVDM48TCG0,TAGGED
kzq3o8y8w1b7ffogpq73okop4gb3ahm31ytwwk1na8p6gpr4511o,2ZAYVDM48TCG0,TAGGED
kzq3o8y8w1b7ffogpq73okop4gb3ahm31ytwwk1na8p6gpr4511o,2ZAYSS7SPMDG0,TAGGED
kzq3o8y8w1b7ffogpq73okop4gb3ahm31ytwwk1na8p6gpr4511o,2ZAYSS7SPMDG0,TAGGED
kzq3o8y8w1b7ffogpq73okop4gb3ahm31ytwwk1na8p6gpr4511o,2ZAYR4T072DG0,TAGGED
kzq3o8y8w1b7ffogpq73okop4gb3ahm31ytwwk1na8p6gpr4511o,2ZAYR4T072DG0,TAGGED
kzq3o8y8w1b7ffogpq73okop4gb3ahm31ytwwk1na8p6gpr4511o,2ZAYPGE6MHYG0,TAGGED
kzq3o8y8w1b7ffogpq73okop4gb3ahm31ytwwk1na8p6gpr4511o,2ZAYPGE6MHYG0,TAGGED
kzq3o8y8w1b7ffogpq73okop4gb3ahm31ytwwk1na8p6gpr4511o,2ZAYPGE6MHYG0,TAGGED
kzq3o8y8w1b7ffogpq73okop4gb3ahm31ytwwk1na8p6gpr4511o,2ZAYHK9CJ4AG0,TAGGED
kzq3o8y8w1b7ffogpq73okop4gb3ahm31ytwwk1na8p6gpr4511o,2ZAYHK9CJ4AG0,TAGGED
kzq3o8y8w1b7ffogpq73okop4gb3ahm31ytwwk1na8p6gpr4511o,2ZAYB1Q0G22G0,TAGGED
kzq3o8y8w1b7ffogpq73okop4gb3ahm31ytwwk1na8p6gpr4511o,2ZAYB1Q0G22G0,TAGGED
kzq3o8y8w1b7ffogpq73okop4gb3ahm31ytwwk1na8p6gpr4511o,2ZAY4G649JZ00,TAGGED
kzq3o8y8w1b7ffogpq73okop4gb3ahm31ytwwk1na8p6gpr4511o,2ZAY4G649JZ00,TAGGED
kzq3o8y8w1b7ffogpq73okop4gb3ahm31ytwwk1na8p6gpr4511o,2ZAXXYM0Z7MG0,TAGGED
kzq3o8y8w1b7ffogpq73okop4gb3ahm31ytwwk1na8p6gpr4511o,2ZAXXYM0Z7MG0,TAGGED
kzq3o8y8w1b7ffogpq73okop4gb3ahm31ytwwk1na8p6gpr4511o,2ZAXS1G7H4WG0,TAGGED
kzq3o8y8w1b7ffogpq73okop4gb3ahm31ytwwk1na8p6gpr4511o,2ZAXS1G7H4WG0,TAGGED
kzq3o8y8w1b7ffogpq73okop4gb3ahm31ytwwk1na8p6gpr4511o,2ZAXQD2WYZJG0,TAGGED
kzq3o8y8w1b7ffogpq73okop4gb3ahm31ytwwk1na8p6gpr4511o,2ZAXQD2WYZJG0,TAGGED
kzq3o8y8w1b7ffogpq73okop4gb3ahm31ytwwk1na8p6gpr4511o,2ZAXGVGPD97G0,TAGGED
kzq3o8y8w1b7ffogpq73okop4gb3ahm31ytwwk1na8p6gpr4511o,2ZAXGVGPD97G0,TAGGED
kzq3o8y8w1b7ffogpq73okop4gb3ahm31ytwwk1na8p6gpr4511o,2ZAXBYD491Q00,TAGGED
kzq3o8y8w1b7ffogpq73okop4gb3ahm31ytwwk1na8p6gpr4511o,2ZAXBYD491Q00,TAGGED
kzq3o8y8w1b7ffogpq73okop4gb3ahm31ytwwk1na8p6gpr4511o,2ZAX3RG4X0D00,TAGGED
kzq3o8y8w1b7ffogpq73okop4gb3ahm31ytwwk1na8p6gpr4511o,2ZAX3RG4X0D00,TAGGED
kzq3o8y8w1b7ffogpq73okop4gb3ahm31ytwwk1na8p6gpr4511o,2ZAX0FNTWXA00,TAGGED
kzq3o8y8w1b7ffogpq73okop4gb3ahm31ytwwk1na8p6gpr4511o,2ZAX0FNTWXA00,TAGGED
kzq3o8y8w1b7ffogpq73okop4gb3ahm31ytwwk1na8p6gpr4511o,2ZAWX6X2E1G00,TAGGED
kzq3o8y8w1b7ffogpq73okop4gb3ahm31ytwwk1na8p6gpr4511o,2ZAWX6X2E1G00,TAGGED
kzq3o8y8w1b7ffogpq73okop4gb3ahm31ytwwk1na8p6gpr4511o,2ZAWVJGFGH400,TAGGED
kzq3o8y8w1b7ffogpq73okop4gb3ahm31ytwwk1na8p6gpr4511o,2ZAWVJGFGH400,TAGGED
kzq3o8y8w1b7ffogpq73okop4gb3ahm31ytwwk1na8p6gpr4511o,2ZAWVJGFGH400,TAGGED
kzq3o8y8w1b7ffogpq73okop4gb3ahm31ytwwk1na8p6gpr4511o,2ZAWR9RFTYPG0,TAGGED
kzq3o8y8w1b7ffogpq73okop4gb3ahm31ytwwk1na8p6gpr4511o,2ZAWR9RFTYPG0,TAGGED
kzq3o8y8w1b7ffogpq73okop4gb3ahm31ytwwk1na8p6gpr4511o,2ZAWPNE25GD00,TAGGED
kzq3o8y8w1b7ffogpq73okop4gb3ahm31ytwwk1na8p6gpr4511o,2ZAWPNE25GD00,TAGGED
kzq3o8y8w1b7ffogpq73okop4gb3ahm31ytwwk1na8p6gpr4511o,2ZAWG3STSFH00,TAGGED
kzq3o8y8w1b7ffogpq73okop4gb3ahm31ytwwk1na8p6gpr4511o,2ZAWG3STSFH00,TAGGED
kzq3o8y8w1b7ffogpq73okop4gb3ahm31ytwwk1na8p6gpr4511o,2ZAWG3STSFH00,TAGGED
kzq3o8y8w1b7ffogpq73okop4gb3ahm31ytwwk1na8p6gpr4511o,2ZAW9JBG9YA00,TAGGED
kzq3o8y8w1b7ffogpq73okop4gb3ahm31ytwwk1na8p6gpr4511o,2ZAW9JBG9YA00,TAGGED
kzq3o8y8w1b7ffogpq73okop4gb3ahm31ytwwk1na8p6gpr4511o,2ZAW30PTDKBG0,TAGGED
kzq3o8y8w1b7ffogpq73okop4gb3ahm31ytwwk1na8p6gpr4511o,2ZAW30PTDKBG0,TAGGED
kzq3o8y8w1b7ffogpq73okop4gb3ahm31ytwwk1na8p6gpr4511o,2ZAVWF4CB5Q00,TAGGED
kzq3o8y8w1b7ffogpq73okop4gb3ahm31ytwwk1na8p6gpr4511o,2ZAVWF4CB5Q00,TAGGED
kzq3o8y8w1b7ffogpq73okop4gb3ahm31ytwwk1na8p6gpr4511o,2ZAVWF4CB5Q00,TAGGED
kzq3o8y8w1b7ffogpq73okop4gb3ahm31ytwwk1na8p6gpr4511o,2ZAVNXKHPBH00,TAGGED
kzq3o8y8w1b7ffogpq73okop4gb3ahm31ytwwk1na8p6gpr4511o,2ZAVNXKHPBH00,TAGGED
kzq3o8y8w1b7ffogpq73okop4gb3ahm31ytwwk1na8p6gpr4511o,2ZAVFC1DZHPG0,TAGGED
kzq3o8y8w1b7ffogpq73okop4gb3ahm31ytwwk1na8p6gpr4511o,2ZAVFC1DZHPG0,TAGGED
kzq3o8y8w1b7ffogpq73okop4gb3ahm31ytwwk1na8p6gpr4511o,2ZAVFC1DZHPG0,TAGGED
kzq3o8y8w1b7ffogpq73okop4gb3ahm31ytwwk1na8p6gpr4511o,2ZAVFC1DZHPG0,TAGGED
kzq3o8y8w1b7ffogpq73okop4gb3ahm31ytwwk1na8p6gpr4511o,2ZAV8TGM8QB00,TAGGED
kzq3o8y8w1b7ffogpq73okop4gb3ahm31ytwwk1na8p6gpr4511o,2ZAV8TGM8QB00,TAGGED
kzq3o8y8w1b7ffogpq73okop4gb3ahm31ytwwk1na8p6gpr4511o,2ZAV8TGM8QB00,TAGGED
kzq3o8y8w1b7ffogpq73okop4gb3ahm31ytwwk1na8p6gpr4511o,2ZAV8TGM8QB00,TAGGED
kzq3o8y8w1b7ffogpq73okop4gb3ahm31ytwwk1na8p6gpr4511o,2ZAV28YDJSXG0,TAGGED
kzq3o8y8w1b7ffogpq73okop4gb3ahm31ytwwk1na8p6gpr4511o,2ZAV28YDJSXG0,TAGGED
kzq3o8y8w1b7ffogpq73okop4gb3ahm31ytwwk1na8p6gpr4511o,2ZAV28YDJSXG0,TAGGED
kzq3o8y8w1b7ffogpq73okop4gb3ahm31ytwwk1na8p6gpr4511o,2ZAV28YDJSXG0,TAGGED
kzq3o8y8w1b7ffogpq73okop4gb3ahm31ytwwk1na8p6gpr4511o,2ZAV28YDJSXG0,TAGGED
me9hsyatet99rgxcabaedoizr646x9i9k5doh4zcjfdb3u9s6hgy,2Z1N9M56W1EG0,TAGGED
me9hsyatet99rgxcabaedoizr646x9i9k5doh4zcjfdb3u9s6hgy,2Z1N9M56W1EG0,TAGGED
me9hsyatet99rgxcabaedoizr646x9i9k5doh4zcjfdb3u9s6hgy,2Z1N9M56W1EG0,TAGGED
me9hsyatet99rgxcabaedoizr646x9i9k5doh4zcjfdb3u9s6hgy,2Z1N9M56W1EG0,TAGGED
me9hsyatet99rgxcabaedoizr646x9i9k5doh4zcjfdb3u9s6hgy,2Z1N9M56W1EG0,TAGGED
me9hsyatet99rgxcabaedoizr646x9i9k5doh4zcjfdb3u9s6hgy,2Z1N9M56W1EG0,TAGGED
me9hsyatet99rgxcabaedoizr646x9i9k5doh4zcjfdb3u9s6hgy,2Z1N9M56W1EG0,TAGGED
me9hsyatet99rgxcabaedoizr646x9i9k5doh4zcjfdb3u9s6hgy,2Z1N9M56W1EG0,TAGGED
me9hsyatet99rgxcabaedoizr646x9i9k5doh4zcjfdb3u9s6hgy,2Z1N9M56W4VG0,TAGGED
me9hsyatet99rgxcabaedoizr646x9i9k5doh4zcjfdb3u9s6hgy,2Z1N9M56W4VG0,TAGGED
me9hsyatet99rgxcabaedoizr646x9i9k5doh4zcjfdb3u9s6hgy,2Z1N9M56W4VG0,TAGGED
me9hsyatet99rgxcabaedoizr646x9i9k5doh4zcjfdb3u9s6hgy,2Z1N9M56W4VG0,TAGGED
me9hsyatet99rgxcabaedoizr646x9i9k5doh4zcjfdb3u9s6hgy,2Z1N9M56W4VG0,TAGGED
me9hsyatet99rgxcabaedoizr646x9i9k5doh4zcjfdb3u9s6hgy,2Z1N9M56W4VG0,TAGGED
me9hsyatet99rgxcabaedoizr646x9i9k5doh4zcjfdb3u9s6hgy,2Z1N9M56W4VG0,TAGGED
me9hsyatet99rgxcabaedoizr646x9i9k5doh4zcjfdb3u9s6hgy,2Z1N9M56W7M00,TAGGED
me9hsyatet99rgxcabaedoizr646x9i9k5doh4zcjfdb3u9s6hgy,2Z1N9M56W7M00,TAGGED
me9hsyatet99rgxcabaedoizr646x9i9k5doh4zcjfdb3u9s6hgy,2Z1N9M56W7M00,TAGGED
me9hsyatet99rgxcabaedoizr646x9i9k5doh4zcjfdb3u9s6hgy,2Z1N9M56W7M00,TAGGED
me9hsyatet99rgxcabaedoizr646x9i9k5doh4zcjfdb3u9s6hgy,2Z1N9M56W7M00,TAGGED
me9hsyatet99rgxcabaedoizr646x9i9k5doh4zcjfdb3u9s6hgy,2Z1N9M56W7M00,TAGGED
me9hsyatet99rgxcabaedoizr646x9i9k5doh4zcjfdb3u9s6hgy,2Z1N9M56WT600,TAGGED
me9hsyatet99rgxcabaedoizr646x9i9k5doh4zcjfdb3u9s6hgy,2Z1N9M56X0D00,TAGGED
me9hsyatet99rgxcabaedoizr646x9i9k5doh4zcjfdb3u9s6hgy,2Z1N9M56X0D00,TAGGED
me9hsyatet99rgxcabaedoizr646x9i9k5doh4zcjfdb3u9s6hgy,2Z1N9M56X0D00,TAGGED
me9hsyatet99rgxcabaedoizr646x9i9k5doh4zcjfdb3u9s6hgy,2Z1N9M56X0D00,TAGGED
me9hsyatet99rgxcabaedoizr646x9i9k5doh4zcjfdb3u9s6hgy,2Z1N9M56X0D00,TAGGED
me9hsyatet99rgxcabaedoizr646x9i9k5doh4zcjfdb3u9s6hgy,2Z1N9M56X0D00,TAGGED
me9hsyatet99rgxcabaedoizr646x9i9k5doh4zcjfdb3u9s6hgy,2Z1N9M56X0D00,TAGGED
me9hsyatet99rgxcabaedoizr646x9i9k5doh4zcjfdb3u9s6hgy,2Z1N9M56X6JG0,TAGGED
me9hsyatet99rgxcabaedoizr646x9i9k5doh4zcjfdb3u9s6hgy,2Z1N9M56X6JG0,TAGGED
me9hsyatet99rgxcabaedoizr646x9i9k5doh4zcjfdb3u9s6hgy,2Z1N9M56X6JG0,TAGGED
me9hsyatet99rgxcabaedoizr646x9i9k5doh4zcjfdb3u9s6hgy,2Z1N9M56X6JG0,TAGGED
me9hsyatet99rgxcabaedoizr646x9i9k5doh4zcjfdb3u9s6hgy,2Z1N9M56X6JG0,TAGGED
me9hsyatet99rgxcabaedoizr646x9i9k5doh4zcjfdb3u9s6hgy,2Z1N9M56X6JG0,TAGGED
o1gg96ewuojmopcjbz8895478wdtxtzzuxnfjjz8o8e77csa1ngo,2ZAX1DBDD5YG0,BOOKMARKED
o1gg96ewuojmopcjbz8895478wdtxtzzuxnfjjz8o8e77csa1ngo,2ZDZ87NZ4H700,BOOKMARKED
o1gg96ewuojmopcjbz8895478wdtxtzzuxnfjjz8o8e77csa1ngo,2ZD6BK61CRT00,BOOKMARKED
o1gg96ewuojmopcjbz8895478wdtxtzzuxnfjjz8o8e77csa1ngo,2Z9GWEBYKY400,BOOKMARKED
o1gg96ewuojmopcjbz8895478wdtxtzzuxnfjjz8o8e77csa1ngo,2ZDZR2G775W00,BOOKMARKED
o1gg96ewuojmopcjbz8895478wdtxtzzuxnfjjz8o8e77csa1ngo,2ZDZK595DDRG0,BOOKMARKED
o1gg96ewuojmopcjbz8895478wdtxtzzuxnfjjz8o8e77csa1ngo,2ZDZHGVTQV600,BOOKMARKED
o1gg96ewuojmopcjbz8895478wdtxtzzuxnfjjz8o8e77csa1ngo,2ZDZ7PM0JVK00,BOOKMARKED
o1gg96ewuojmopcjbz8895478wdtxtzzuxnfjjz8o8e77csa1ngo,2ZDZ4DTKRJ900,BOOKMARKED
o1gg96ewuojmopcjbz8895478wdtxtzzuxnfjjz8o8e77csa1ngo,2ZECRNM66G900,BOOKMARKED
o1gg96ewuojmopcjbz8895478wdtxtzzuxnfjjz8o8e77csa1ngo,2ZD6JHJQ6MZG0,BOOKMARKED
o1gg96ewuojmopcjbz8895478wdtxtzzuxnfjjz8o8e77csa1ngo,2ZAX1DBDD5YG0,BOOKMARKED
o1gg96ewuojmopcjbz8895478wdtxtzzuxnfjjz8o8e77csa1ngo,0RDVFKFBB48G,TAGGED
o1gg96ewuojmopcjbz8895478wdtxtzzuxnfjjz8o8e77csa1ngo,2ZEEM0CKE3CG0,TAGGED
o1gg96ewuojmopcjbz8895478wdtxtzzuxnfjjz8o8e77csa1ngo,2ZEEM0CKE3CG0,TAGGED
o1gg96ewuojmopcjbz8895478wdtxtzzuxnfjjz8o8e77csa1ngo,2ZEEM0CKE3CG0,TAGGED
o1gg96ewuojmopcjbz8895478wdtxtzzuxnfjjz8o8e77csa1ngo,2ZEEM0CKE3CG0,TAGGED
o1gg96ewuojmopcjbz8895478wdtxtzzuxnfjjz8o8e77csa1ngo,2ZEBH4J0K4G00,TAGGED
o1gg96ewuojmopcjbz8895478wdtxtzzuxnfjjz8o8e77csa1ngo,2ZEBH4J0K4G00,TAGGED
o1gg96ewuojmopcjbz8895478wdtxtzzuxnfjjz8o8e77csa1ngo,2ZDH5QAWVHT00,TAGGED
o1gg96ewuojmopcjbz8895478wdtxtzzuxnfjjz8o8e77csa1ngo,2ZDH5QAWVHT00,TAGGED
o1gg96ewuojmopcjbz8895478wdtxtzzuxnfjjz8o8e77csa1ngo,2ZDH5QAWVHT00,TAGGED
o1gg96ewuojmopcjbz8895478wdtxtzzuxnfjjz8o8e77csa1ngo,2ZDH5QAWVHT00,TAGGED
o1gg96ewuojmopcjbz8895478wdtxtzzuxnfjjz8o8e77csa1ngo,2ZDH5QAWVHT00,TAGGED
o1gg96ewuojmopcjbz8895478wdtxtzzuxnfjjz8o8e77csa1ngo,2ZDH5QAWVHT00,TAGGED
o1gg96ewuojmopcjbz8895478wdtxtzzuxnfjjz8o8e77csa1ngo,2ZD6BK61CRT00,TAGGED
o1gg96ewuojmopcjbz8895478wdtxtzzuxnfjjz8o8e77csa1ngo,2ZD6BK61CRT00,TAGGED
o1gg96ewuojmopcjbz8895478wdtxtzzuxnfjjz8o8e77csa1ngo,2ZD6BK61CRT00,TAGGED
o1gg96ewuojmopcjbz8895478wdtxtzzuxnfjjz8o8e77csa1ngo,2ZD2YWZJ0RMG0,TAGGED
o1gg96ewuojmopcjbz8895478wdtxtzzuxnfjjz8o8e77csa1ngo,2ZD2YWZJ0RMG0,TAGGED
o1gg96ewuojmopcjbz8895478wdtxtzzuxnfjjz8o8e77csa1ngo,2ZD2YWZJ0RMG0,TAGGED
o1gg96ewuojmopcjbz8895478wdtxtzzuxnfjjz8o8e77csa1ngo,2ZD2YWZJ0RMG0,TAGGED
o1gg96ewuojmopcjbz8895478wdtxtzzuxnfjjz8o8e77csa1ngo,2ZD2YWZJ0RMG0,TAGGED
o1gg96ewuojmopcjbz8895478wdtxtzzuxnfjjz8o8e77csa1ngo,2ZD2YWZJ0RMG0,TAGGED
o1gg96ewuojmopcjbz8895478wdtxtzzuxnfjjz8o8e77csa1ngo,2ZD2YWZJ0RMG0,TAGGED
o1gg96ewuojmopcjbz8895478wdtxtzzuxnfjjz8o8e77csa1ngo,2ZD1BMZB80PG0,TAGGED
o1gg96ewuojmopcjbz8895478wdtxtzzuxnfjjz8o8e77csa1ngo,2ZB1W7ZPCGHG0,TAGGED
o1gg96ewuojmopcjbz8895478wdtxtzzuxnfjjz8o8e77csa1ngo,2ZB1W7ZPCGHG0,TAGGED
o1gg96ewuojmopcjbz8895478wdtxtzzuxnfjjz8o8e77csa1ngo,2ZAXRP9Y7M500,TAGGED
o1gg96ewuojmopcjbz8895478wdtxtzzuxnfjjz8o8e77csa1ngo,2ZAWW4G4VQSG0,TAGGED
o1gg96ewuojmopcjbz8895478wdtxtzzuxnfjjz8o8e77csa1ngo,2ZAWW07HF5MG0,TAGGED
o1gg96ewuojmopcjbz8895478wdtxtzzuxnfjjz8o8e77csa1ngo,2ZATA2F2CVW00,TAGGED
o1gg96ewuojmopcjbz8895478wdtxtzzuxnfjjz8o8e77csa1ngo,2ZATA2F2CVW00,TAGGED
o1gg96ewuojmopcjbz8895478wdtxtzzuxnfjjz8o8e77csa1ngo,2ZATA2F2CVW00,TAGGED
o1gg96ewuojmopcjbz8895478wdtxtzzuxnfjjz8o8e77csa1ngo,2ZASN5W6MZFG0,TAGGED
o1gg96ewuojmopcjbz8895478wdtxtzzuxnfjjz8o8e77csa1ngo,2ZASN5W6MZFG0,TAGGED
o1gg96ewuojmopcjbz8895478wdtxtzzuxnfjjz8o8e77csa1ngo,2Z9GWEBYKY400,TAGGED
o1gg96ewuojmopcjbz8895478wdtxtzzuxnfjjz8o8e77csa1ngo,2Z9GWEBYKY400,TAGGED
o1gg96ewuojmopcjbz8895478wdtxtzzuxnfjjz8o8e77csa1ngo,2Z9GWEBYKY400,TAGGED
o1gg96ewuojmopcjbz8895478wdtxtzzuxnfjjz8o8e77csa1ngo,2Z9GWEBYKY400,TAGGED
o1gg96ewuojmopcjbz8895478wdtxtzzuxnfjjz8o8e77csa1ngo,2Z9GWEBYKY400,TAGGED
o1gg96ewuojmopcjbz8895478wdtxtzzuxnfjjz8o8e77csa1ngo,2Z9GWEBYKY400,TAGGED
o1gg96ewuojmopcjbz8895478wdtxtzzuxnfjjz8o8e77csa1ngo,2Z9GBJ7WCFY00,TAGGED
o1gg96ewuojmopcjbz8895478wdtxtzzuxnfjjz8o8e77csa1ngo,2Z9GBJ7WCFY00,TAGGED
o1gg96ewuojmopcjbz8895478wdtxtzzuxnfjjz8o8e77csa1ngo,2Z9GBJ7WCFY00,TAGGED
o1gg96ewuojmopcjbz8895478wdtxtzzuxnfjjz8o8e77csa1ngo,2Z9DG8TP8E100,TAGGED
o1gg96ewuojmopcjbz8895478wdtxtzzuxnfjjz8o8e77csa1ngo,2Z9DG8TP8E100,TAGGED
o1gg96ewuojmopcjbz8895478wdtxtzzuxnfjjz8o8e77csa1ngo,2Z9DG8TP8E100,TAGGED
o1gg96ewuojmopcjbz8895478wdtxtzzuxnfjjz8o8e77csa1ngo,2Z9D6A0GDK900,TAGGED
o1gg96ewuojmopcjbz8895478wdtxtzzuxnfjjz8o8e77csa1ngo,2Z9D4C5BAJX00,TAGGED
o1gg96ewuojmopcjbz8895478wdtxtzzuxnfjjz8o8e77csa1ngo,2Z9D4C5BAJX00,TAGGED
o1gg96ewuojmopcjbz8895478wdtxtzzuxnfjjz8o8e77csa1ngo,2Z8M96D3RAR00,TAGGED
o1gg96ewuojmopcjbz8895478wdtxtzzuxnfjjz8o8e77csa1ngo,2Z8M96D3RAR00,TAGGED
o1gg96ewuojmopcjbz8895478wdtxtzzuxnfjjz8o8e77csa1ngo,2Z8M96D3RAR00,TAGGED
o1gg96ewuojmopcjbz8895478wdtxtzzuxnfjjz8o8e77csa1ngo,2Z8M96D3RAR00,TAGGED
o1gg96ewuojmopcjbz8895478wdtxtzzuxnfjjz8o8e77csa1ngo,2Z8M96D3RAR00,TAGGED
o1gg96ewuojmopcjbz8895478wdtxtzzuxnfjjz8o8e77csa1ngo,2Z3NTJPPA0D00,TAGGED
o1gg96ewuojmopcjbz8895478wdtxtzzuxnfjjz8o8e77csa1ngo,2Z3NTJPPA0D00,TAGGED
o1gg96ewuojmopcjbz8895478wdtxtzzuxnfjjz8o8e77csa1ngo,2Z3NMPKCJ07G0,TAGGED
o1gg96ewuojmopcjbz8895478wdtxtzzuxnfjjz8o8e77csa1ngo,2Z3NMPKCJ07G0,TAGGED
o1gg96ewuojmopcjbz8895478wdtxtzzuxnfjjz8o8e77csa1ngo,2Z3JXXZ2AEVG0,TAGGED
o1gg96ewuojmopcjbz8895478wdtxtzzuxnfjjz8o8e77csa1ngo,2Z3JXJ4KW4700,TAGGED
o1gg96ewuojmopcjbz8895478wdtxtzzuxnfjjz8o8e77csa1ngo,2Z3JXJ4KW4700,TAGGED
o1gg96ewuojmopcjbz8895478wdtxtzzuxnfjjz8o8e77csa1ngo,2Z3JXJ4KW4700,TAGGED
o1gg96ewuojmopcjbz8895478wdtxtzzuxnfjjz8o8e77csa1ngo,2Z3JXJ4KW4700,TAGGED
oh8ku6csenwcyec6oaacz6xumydqjdaagh4ekr8jsm44rrdssjqo,2Z1N8QBESER00,TAGGED
oh8ku6csenwcyec6oaacz6xumydqjdaagh4ekr8jsm44rrdssjqo,2Z1N8QBESER00,TAGGED
oh8ku6csenwcyec6oaacz6xumydqjdaagh4ekr8jsm44rrdssjqo,2Z1N8QBESER00,TAGGED
oh8ku6csenwcyec6oaacz6xumydqjdaagh4ekr8jsm44rrdssjqo,2Z1N8QBESER00,TAGGED
oh8ku6csenwcyec6oaacz6xumydqjdaagh4ekr8jsm44rrdssjqo,2Z1N8QBESER00,TAGGED
oh8ku6csenwcyec6oaacz6xumydqjdaagh4ekr8jsm44rrdssjqo,2Z1N8QBESER00,TAGGED
oh8ku6csenwcyec6oaacz6xumydqjdaagh4ekr8jsm44rrdssjqo,2Z1N8QBESER00,TAGGED
oh8ku6csenwcyec6oaacz6xumydqjdaagh4ekr8jsm44rrdssjqo,2Z1N8QBESER00,TAGGED
oh8ku6csenwcyec6oaacz6xumydqjdaagh4ekr8jsm44rrdssjqo,2Z1N8QBESER00,TAGGED
oh8ku6csenwcyec6oaacz6xumydqjdaagh4ekr8jsm44rrdssjqo,2Z1N8QBESER00,TAGGED
oh8ku6csenwcyec6oaacz6xumydqjdaagh4ekr8jsm44rrdssjqo,2Z1N8QBESBWG0,TAGGED
oh8ku6csenwcyec6oaacz6xumydqjdaagh4ekr8jsm44rrdssjqo,2Z1N8QBESBWG0,TAGGED
oh8ku6csenwcyec6oaacz6xumydqjdaagh4ekr8jsm44rrdssjqo,2Z1N8QBESBWG0,TAGGED
oh8ku6csenwcyec6oaacz6xumydqjdaagh4ekr8jsm44rrdssjqo,2Z1N8QBERD800,TAGGED
oh8ku6csenwcyec6oaacz6xumydqjdaagh4ekr8jsm44rrdssjqo,2Z1N8QBERD800,TAGGED
oh8ku6csenwcyec6oaacz6xumydqjdaagh4ekr8jsm44rrdssjqo,2Z1N8QBERD800,TAGGED
oh8ku6csenwcyec6oaacz6xumydqjdaagh4ekr8jsm44rrdssjqo,2Z1N8QBERD800,TAGGED
oh8ku6csenwcyec6oaacz6xumydqjdaagh4ekr8jsm44rrdssjqo,2Z1N8QBERD800,TAGGED
omynbjw4ksjc4at5gretyoatw1g5h53tkee5z55fh69sng1d3jpy,2Z1P61QPX7Q00,TAGGED
omynbjw4ksjc4at5gretyoatw1g5h53tkee5z55fh69sng1d3jpy,2Z1P61QPX7Q00,TAGGED
omynbjw4ksjc4at5gretyoatw1g5h53tkee5z55fh69sng1d3jpy,2Z1NB53BF82G0,TAGGED
omynbjw4ksjc4at5gretyoatw1g5h53tkee5z55fh69sng1d3jpy,2Z1NB53BF82G0,TAGGED
omynbjw4ksjc4at5gretyoatw1g5h53tkee5z55fh69sng1d3jpy,2Z1NB53BF82G0,TAGGED
omynbjw4ksjc4at5gretyoatw1g5h53tkee5z55fh69sng1d3jpy,2Z1NB53BF82G0,TAGGED
p4ba6uzmu5nhmpwcwucx7n3y9ojw3y8wwra3ckbt9dq46go7y95y,2Z1PBYS0F90G0,BOOKMARKED
phh5aqdfwkmydr1d6b48xa3tcbiipy8wpcmougyed7otitx69kco,2Z1NGNZNVCM00,TAGGED
phh5aqdfwkmydr1d6b48xa3tcbiipy8wpcmougyed7otitx69kco,2Z1NGNZNVCM00,TAGGED
phh5aqdfwkmydr1d6b48xa3tcbiipy8wpcmougyed7otitx69kco,2Z1NGNZNVCM00,TAGGED
phh5aqdfwkmydr1d6b48xa3tcbiipy8wpcmougyed7otitx69kco,2Z1NGNZNVCM00,TAGGED
pnd8q4uyypjjbffpgxcfmxiu7fbss38fqsnt5xz8da13nj6q5obo,2Z1N8QBERHB00,TAGGED
pnd8q4uyypjjbffpgxcfmxiu7fbss38fqsnt5xz8da13nj6q5obo,2Z1N8QBERHB00,TAGGED
pnd8q4uyypjjbffpgxcfmxiu7fbss38fqsnt5xz8da13nj6q5obo,2Z1N8QBERHB00,TAGGED
pnd8q4uyypjjbffpgxcfmxiu7fbss38fqsnt5xz8da13nj6q5obo,2Z1N8QBERHB00,TAGGED
pnd8q4uyypjjbffpgxcfmxiu7fbss38fqsnt5xz8da13nj6q5obo,2Z1N8QBERHB00,TAGGED
pnd8q4uyypjjbffpgxcfmxiu7fbss38fqsnt5xz8da13nj6q5obo,2Z1N8QBERHB00,TAGGED
pnd8q4uyypjjbffpgxcfmxiu7fbss38fqsnt5xz8da13nj6q5obo,2Z1N8QBERHB00,TAGGED
pnd8q4uyypjjbffpgxcfmxiu7fbss38fqsnt5xz8da13nj6q5obo,2Z1N8QBERHB00,TAGGED
pnd8q4uyypjjbffpgxcfmxiu7fbss38fqsnt5xz8da13nj6q5obo,2Z1N8QBERHB00,TAGGED
pnd8q4uyypjjbffpgxcfmxiu7fbss38fqsnt5xz8da13nj6q5obo,2Z1N8QBERJQ00,TAGGED
pnd8q4uyypjjbffpgxcfmxiu7fbss38fqsnt5xz8da13nj6q5obo,2Z1N8QBERJQ00,TAGGED
pnd8q4uyypjjbffpgxcfmxiu7fbss38fqsnt5xz8da13nj6q5obo,2Z1N8QBERJQ00,TAGGED
pnd8q4uyypjjbffpgxcfmxiu7fbss38fqsnt5xz8da13nj6q5obo,2Z1N8QBERJQ00,TAGGED
pnd8q4uyypjjbffpgxcfmxiu7fbss38fqsnt5xz8da13nj6q5obo,2Z1N8QBERS9G0,TAGGED
pnd8q4uyypjjbffpgxcfmxiu7fbss38fqsnt5xz8da13nj6q5obo,2Z1N8QBERS9G0,TAGGED
pnd8q4uyypjjbffpgxcfmxiu7fbss38fqsnt5xz8da13nj6q5obo,2Z1N8QBERS9G0,TAGGED
pnd8q4uyypjjbffpgxcfmxiu7fbss38fqsnt5xz8da13nj6q5obo,2Z1N8QBERS9G0,TAGGED
pnd8q4uyypjjbffpgxcfmxiu7fbss38fqsnt5xz8da13nj6q5obo,2Z1N8QBERS9G0,TAGGED
pnd8q4uyypjjbffpgxcfmxiu7fbss38fqsnt5xz8da13nj6q5obo,2Z1N8QBERS9G0,TAGGED
pnd8q4uyypjjbffpgxcfmxiu7fbss38fqsnt5xz8da13nj6q5obo,2Z1N8QBERS9G0,TAGGED
pnd8q4uyypjjbffpgxcfmxiu7fbss38fqsnt5xz8da13nj6q5obo,2Z1N8QBESPR00,TAGGED
pnd8q4uyypjjbffpgxcfmxiu7fbss38fqsnt5xz8da13nj6q5obo,2Z1N8QBESPR00,TAGGED
pnd8q4uyypjjbffpgxcfmxiu7fbss38fqsnt5xz8da13nj6q5obo,2Z1N8QBESPR00,TAGGED
pnd8q4uyypjjbffpgxcfmxiu7fbss38fqsnt5xz8da13nj6q5obo,2Z1N8QBESPR00,TAGGED
pnd8q4uyypjjbffpgxcfmxiu7fbss38fqsnt5xz8da13nj6q5obo,2Z1N8QBESPR00,TAGGED
pnd8q4uyypjjbffpgxcfmxiu7fbss38fqsnt5xz8da13nj6q5obo,2Z1N8QBEST8G0,TAGGED
pnd8q4uyypjjbffpgxcfmxiu7fbss38fqsnt5xz8da13nj6q5obo,2Z1N8QBEST8G0,TAGGED
pnd8q4uyypjjbffpgxcfmxiu7fbss38fqsnt5xz8da13nj6q5obo,2Z1N8QBEST8G0,TAGGED
pnd8q4uyypjjbffpgxcfmxiu7fbss38fqsnt5xz8da13nj6q5obo,2Z1N8QBEST8G0,TAGGED
pnd8q4uyypjjbffpgxcfmxiu7fbss38fqsnt5xz8da13nj6q5obo,2Z1N8QBEST8G0,TAGGED
pnd8q4uyypjjbffpgxcfmxiu7fbss38fqsnt5xz8da13nj6q5obo,2Z1N8QBEST8G0,TAGGED
pnd8q4uyypjjbffpgxcfmxiu7fbss38fqsnt5xz8da13nj6q5obo,2Z1N8QBEST8G0,TAGGED
pnd8q4uyypjjbffpgxcfmxiu7fbss38fqsnt5xz8da13nj6q5obo,2Z1N8QBETC900,TAGGED
pnd8q4uyypjjbffpgxcfmxiu7fbss38fqsnt5xz8da13nj6q5obo,2Z1N8QBETC900,TAGGED
pnd8q4uyypjjbffpgxcfmxiu7fbss38fqsnt5xz8da13nj6q5obo,2Z1N8QBETC900,TAGGED
ppc7wt1twskz95f58s9gxg67fd87fwurix4yzscsh8rh6xaxjy1y,2Z1N8QBERMMG0,TAGGED
ppc7wt1twskz95f58s9gxg67fd87fwurix4yzscsh8rh6xaxjy1y,2Z1N8QBERMMG0,TAGGED
ppc7wt1twskz95f58s9gxg67fd87fwurix4yzscsh8rh6xaxjy1y,2Z1N8QBERMMG0,TAGGED
ppc7wt1twskz95f58s9gxg67fd87fwurix4yzscsh8rh6xaxjy1y,2Z1N8QBERMMG0,TAGGED
ppc7wt1twskz95f58s9gxg67fd87fwurix4yzscsh8rh6xaxjy1y,2Z1N8QBERMMG0,TAGGED
ppc7wt1twskz95f58s9gxg67fd87fwurix4yzscsh8rh6xaxjy1y,2Z1N8QBERMMG0,TAGGED
ppc7wt1twskz95f58s9gxg67fd87fwurix4yzscsh8rh6xaxjy1y,2Z1N8QBERMMG0,TAGGED
ppc7wt1twskz95f58s9gxg67fd87fwurix4yzscsh8rh6xaxjy1y,2Z1N8QBESDD00,TAGGED
ppc7wt1twskz95f58s9gxg67fd87fwurix4yzscsh8rh6xaxjy1y,2Z1N8QBESDD00,TAGGED
ppc7wt1twskz95f58s9gxg67fd87fwurix4yzscsh8rh6xaxjy1y,2Z1N8QBESDD00,TAGGED
ppc7wt1twskz95f58s9gxg67fd87fwurix4yzscsh8rh6xaxjy1y,2Z1N8QBESDD00,TAGGED
ppc7wt1twskz95f58s9gxg67fd87fwurix4yzscsh8rh6xaxjy1y,2Z1N8QBESDD00,TAGGED
ppc7wt1twskz95f58s9gxg67fd87fwurix4yzscsh8rh6xaxjy1y,2Z1N8QBESDD00,TAGGED
ppc7wt1twskz95f58s9gxg67fd87fwurix4yzscsh8rh6xaxjy1y,2Z1N8QBESGGG0,TAGGED
ppc7wt1twskz95f58s9gxg67fd87fwurix4yzscsh8rh6xaxjy1y,2Z1N8QBESGGG0,TAGGED
ppc7wt1twskz95f58s9gxg67fd87fwurix4yzscsh8rh6xaxjy1y,2Z1N8QBET5GG0,TAGGED
ppc7wt1twskz95f58s9gxg67fd87fwurix4yzscsh8rh6xaxjy1y,2Z1N8QBET5GG0,TAGGED
ppc7wt1twskz95f58s9gxg67fd87fwurix4yzscsh8rh6xaxjy1y,2Z1N8QBET5GG0,TAGGED
ppc7wt1twskz95f58s9gxg67fd87fwurix4yzscsh8rh6xaxjy1y,2Z1N8QBET5GG0,TAGGED
ppc7wt1twskz95f58s9gxg67fd87fwurix4yzscsh8rh6xaxjy1y,2Z1N8QBET5GG0,TAGGED
ppc7wt1twskz95f58s9gxg67fd87fwurix4yzscsh8rh6xaxjy1y,2Z1N8QBET5GG0,TAGGED
ppc7wt1twskz95f58s9gxg67fd87fwurix4yzscsh8rh6xaxjy1y,2Z1N8QBETDS00,TAGGED
ppc7wt1twskz95f58s9gxg67fd87fwurix4yzscsh8rh6xaxjy1y,2Z1N8QBETDS00,TAGGED
ppc7wt1twskz95f58s9gxg67fd87fwurix4yzscsh8rh6xaxjy1y,2Z1N8QBETDS00,TAGGED
ppc7wt1twskz95f58s9gxg67fd87fwurix4yzscsh8rh6xaxjy1y,2Z1N8QBETDS00,TAGGED
ppc7wt1twskz95f58s9gxg67fd87fwurix4yzscsh8rh6xaxjy1y,2Z1N8QBETDS00,TAGGED
ppc7wt1twskz95f58s9gxg67fd87fwurix4yzscsh8rh6xaxjy1y,2Z1N8QBETDS00,TAGGED
ppc7wt1twskz95f58s9gxg67fd87fwurix4yzscsh8rh6xaxjy1y,2Z1N8QBETDS00,TAGGED
ppc7wt1twskz95f58s9gxg67fd87fwurix4yzscsh8rh6xaxjy1y,2Z1N8QBETDS00,TAGGED
ppc7wt1twskz95f58s9gxg67fd87fwurix4yzscsh8rh6xaxjy1y,2Z1N8QBETDS00,TAGGED
ppc7wt1twskz95f58s9gxg67fd87fwurix4yzscsh8rh6xaxjy1y,2Z1N8QBETN1G0,TAGGED
ppc7wt1twskz95f58s9gxg67fd87fwurix4yzscsh8rh6xaxjy1y,2Z1N8QBETN1G0,TAGGED
ppc7wt1twskz95f58s9gxg67fd87fwurix4yzscsh8rh6xaxjy1y,2Z1N8QBETN1G0,TAGGED
ppc7wt1twskz95f58s9gxg67fd87fwurix4yzscsh8rh6xaxjy1y,2Z1N8QBETN1G0,TAGGED
ppc7wt1twskz95f58s9gxg67fd87fwurix4yzscsh8rh6xaxjy1y,2Z1N8QBETN1G0,TAGGED
pxccbsm8ic355nmd3hufjq47s4h8snosbbxoo7jqn3otgs9azgco,2Z1N8QBETJMG0,TAGGED
pxccbsm8ic355nmd3hufjq47s4h8snosbbxoo7jqn3otgs9azgco,2Z1N8QBETJMG0,TAGGED
pxccbsm8ic355nmd3hufjq47s4h8snosbbxoo7jqn3otgs9azgco,2Z1N8QBETJMG0,TAGGED
pxccbsm8ic355nmd3hufjq47s4h8snosbbxoo7jqn3otgs9azgco,2Z1N8QBETJMG0,TAGGED
pxccbsm8ic355nmd3hufjq47s4h8snosbbxoo7jqn3otgs9azgco,2Z1N8QBETJMG0,TAGGED
pxccbsm8ic355nmd3hufjq47s4h8snosbbxoo7jqn3otgs9azgco,2Z1N8QBETJMG0,TAGGED
pxccbsm8ic355nmd3hufjq47s4h8snosbbxoo7jqn3otgs9azgco,2Z1N8QBETJMG0,TAGGED
pxccbsm8ic355nmd3hufjq47s4h8snosbbxoo7jqn3otgs9azgco,2Z1N8QBESZCG0,TAGGED
pxccbsm8ic355nmd3hufjq47s4h8snosbbxoo7jqn3otgs9azgco,2Z1N8QBESZCG0,TAGGED
pxccbsm8ic355nmd3hufjq47s4h8snosbbxoo7jqn3otgs9azgco,2Z1N8QBESZCG0,TAGGED
pxccbsm8ic355nmd3hufjq47s4h8snosbbxoo7jqn3otgs9azgco,2Z1N8QBESKYG0,TAGGED
pxccbsm8ic355nmd3hufjq47s4h8snosbbxoo7jqn3otgs9azgco,2Z1N8QBESKYG0,TAGGED
pxccbsm8ic355nmd3hufjq47s4h8snosbbxoo7jqn3otgs9azgco,2Z1N8QBESKYG0,TAGGED
pxccbsm8ic355nmd3hufjq47s4h8snosbbxoo7jqn3otgs9azgco,2Z1N8QBESKYG0,TAGGED
pxccbsm8ic355nmd3hufjq47s4h8snosbbxoo7jqn3otgs9azgco,2Z1N8QBESKYG0,TAGGED
pxccbsm8ic355nmd3hufjq47s4h8snosbbxoo7jqn3otgs9azgco,2Z1N8QBESKYG0,TAGGED
pxccbsm8ic355nmd3hufjq47s4h8snosbbxoo7jqn3otgs9azgco,2Z1N8QBESKYG0,TAGGED
pxnu33x7jtpx9ar1ytsi4yxbp6a5o36gwhffs8zoxmbuptici1jy,2ZDDYCKG90H00,BOOKMARKED
pxnu33x7jtpx9ar1ytsi4yxbp6a5o36gwhffs8zoxmbuptici1jy,2ZDN1KG9QXKG0,BOOKMARKED
pxnu33x7jtpx9ar1ytsi4yxbp6a5o36gwhffs8zoxmbuptici1jy,2ZDN15FY672G0,BOOKMARKED
pxnu33x7jtpx9ar1ytsi4yxbp6a5o36gwhffs8zoxmbuptici1jy,2ZDN15FY672G0,BOOKMARKED
pxnu33x7jtpx9ar1ytsi4yxbp6a5o36gwhffs8zoxmbuptici1jy,2ZDN15FY672G0,BOOKMARKED
pxnu33x7jtpx9ar1ytsi4yxbp6a5o36gwhffs8zoxmbuptici1jy,2ZDN15FY672G0,BOOKMARKED
pxnu33x7jtpx9ar1ytsi4yxbp6a5o36gwhffs8zoxmbuptici1jy,2ZDN15FY672G0,BOOKMARKED
pxnu33x7jtpx9ar1ytsi4yxbp6a5o36gwhffs8zoxmbuptici1jy,2ZDN0W875TJ00,BOOKMARKED
pxnu33x7jtpx9ar1ytsi4yxbp6a5o36gwhffs8zoxmbuptici1jy,2ZDMZ753WA2G0,BOOKMARKED
pxnu33x7jtpx9ar1ytsi4yxbp6a5o36gwhffs8zoxmbuptici1jy,2ZDMZ753WA2G0,BOOKMARKED
pxnu33x7jtpx9ar1ytsi4yxbp6a5o36gwhffs8zoxmbuptici1jy,2ZD9VJK97YN00,BOOKMARKED
pxnu33x7jtpx9ar1ytsi4yxbp6a5o36gwhffs8zoxmbuptici1jy,2Z9NE6HKC0T00,BOOKMARKED
pxnu33x7jtpx9ar1ytsi4yxbp6a5o36gwhffs8zoxmbuptici1jy,2ZDSBY99RAZ00,BOOKMARKED
pxnu33x7jtpx9ar1ytsi4yxbp6a5o36gwhffs8zoxmbuptici1jy,2ZCVS8MYJXH00,BOOKMARKED
pxnu33x7jtpx9ar1ytsi4yxbp6a5o36gwhffs8zoxmbuptici1jy,2Z1N38NX16P00,TAGGED
pxnu33x7jtpx9ar1ytsi4yxbp6a5o36gwhffs8zoxmbuptici1jy,2ZDZ87NZ4H700,TAGGED
pxnu33x7jtpx9ar1ytsi4yxbp6a5o36gwhffs8zoxmbuptici1jy,2ZDPGX8W3DTG0,TAGGED
pxnu33x7jtpx9ar1ytsi4yxbp6a5o36gwhffs8zoxmbuptici1jy,2ZDN19JTA2B00,TAGGED
pxnu33x7jtpx9ar1ytsi4yxbp6a5o36gwhffs8zoxmbuptici1jy,2ZDN0W875TJ00,TAGGED
pxnu33x7jtpx9ar1ytsi4yxbp6a5o36gwhffs8zoxmbuptici1jy,2ZDN0W875TJ00,TAGGED
pxnu33x7jtpx9ar1ytsi4yxbp6a5o36gwhffs8zoxmbuptici1jy,2ZDN0W875TJ00,TAGGED
pxnu33x7jtpx9ar1ytsi4yxbp6a5o36gwhffs8zoxmbuptici1jy,2ZD9VJK97YN00,TAGGED
pxnu33x7jtpx9ar1ytsi4yxbp6a5o36gwhffs8zoxmbuptici1jy,2ZD9VJK97YN00,TAGGED
pxnu33x7jtpx9ar1ytsi4yxbp6a5o36gwhffs8zoxmbuptici1jy,2ZD9VJK97YN00,TAGGED
pxnu33x7jtpx9ar1ytsi4yxbp6a5o36gwhffs8zoxmbuptici1jy,2ZD57HSGPJ300,TAGGED
pxnu33x7jtpx9ar1ytsi4yxbp6a5o36gwhffs8zoxmbuptici1jy,2ZD57HSGPJ300,TAGGED
pxnu33x7jtpx9ar1ytsi4yxbp6a5o36gwhffs8zoxmbuptici1jy,2ZD1BGEH4M000,TAGGED
pxnu33x7jtpx9ar1ytsi4yxbp6a5o36gwhffs8zoxmbuptici1jy,2ZD19WPE9GC00,TAGGED
pxnu33x7jtpx9ar1ytsi4yxbp6a5o36gwhffs8zoxmbuptici1jy,2ZC99Q5B4TS00,TAGGED
pxnu33x7jtpx9ar1ytsi4yxbp6a5o36gwhffs8zoxmbuptici1jy,2ZBKXMD487E00,TAGGED
pxnu33x7jtpx9ar1ytsi4yxbp6a5o36gwhffs8zoxmbuptici1jy,2ZBKXMD487E00,TAGGED
pxnu33x7jtpx9ar1ytsi4yxbp6a5o36gwhffs8zoxmbuptici1jy,2ZBFGACDZQR00,TAGGED
pxnu33x7jtpx9ar1ytsi4yxbp6a5o36gwhffs8zoxmbuptici1jy,2ZBCBSQPKGGG0,TAGGED
pxnu33x7jtpx9ar1ytsi4yxbp6a5o36gwhffs8zoxmbuptici1jy,2ZBCBSQPKGGG0,TAGGED
pxnu33x7jtpx9ar1ytsi4yxbp6a5o36gwhffs8zoxmbuptici1jy,2ZBAKNPJ2D900,TAGGED
pxnu33x7jtpx9ar1ytsi4yxbp6a5o36gwhffs8zoxmbuptici1jy,2ZBAKNPJ2D900,TAGGED
pxnu33x7jtpx9ar1ytsi4yxbp6a5o36gwhffs8zoxmbuptici1jy,2ZB9WRZ6B6200,TAGGED
pxnu33x7jtpx9ar1ytsi4yxbp6a5o36gwhffs8zoxmbuptici1jy,2ZB9WRZ6B6200,TAGGED
pxnu33x7jtpx9ar1ytsi4yxbp6a5o36gwhffs8zoxmbuptici1jy,2ZB9WRZ6B6200,TAGGED
pxnu33x7jtpx9ar1ytsi4yxbp6a5o36gwhffs8zoxmbuptici1jy,2ZAXJWQJ71Z00,TAGGED
pxnu33x7jtpx9ar1ytsi4yxbp6a5o36gwhffs8zoxmbuptici1jy,2Z9NE7JQSN900,TAGGED
pxnu33x7jtpx9ar1ytsi4yxbp6a5o36gwhffs8zoxmbuptici1jy,2Z9NE6HKC0T00,TAGGED
pxnu33x7jtpx9ar1ytsi4yxbp6a5o36gwhffs8zoxmbuptici1jy,2Z97SZCC7PHG0,TAGGED
pxnu33x7jtpx9ar1ytsi4yxbp6a5o36gwhffs8zoxmbuptici1jy,2Z91B580Q3300,TAGGED
pxnu33x7jtpx9ar1ytsi4yxbp6a5o36gwhffs8zoxmbuptici1jy,2Z91B580Q3300,TAGGED
pxnu33x7jtpx9ar1ytsi4yxbp6a5o36gwhffs8zoxmbuptici1jy,2Z8W2AFP242G0,TAGGED
pxnu33x7jtpx9ar1ytsi4yxbp6a5o36gwhffs8zoxmbuptici1jy,2Z8W2AFP242G0,TAGGED
pxnu33x7jtpx9ar1ytsi4yxbp6a5o36gwhffs8zoxmbuptici1jy,2Z8W2AFP242G0,TAGGED
pxnu33x7jtpx9ar1ytsi4yxbp6a5o36gwhffs8zoxmbuptici1jy,2Z8W2AFP242G0,TAGGED
pxnu33x7jtpx9ar1ytsi4yxbp6a5o36gwhffs8zoxmbuptici1jy,2Z8W2AFP242G0,TAGGED
pxnu33x7jtpx9ar1ytsi4yxbp6a5o36gwhffs8zoxmbuptici1jy,2Z8W2AFP242G0,TAGGED
pxnu33x7jtpx9ar1ytsi4yxbp6a5o36gwhffs8zoxmbuptici1jy,2Z8W2AFP242G0,TAGGED
pxnu33x7jtpx9ar1ytsi4yxbp6a5o36gwhffs8zoxmbuptici1jy,2Z8M3ZVSVWD00,TAGGED
pxnu33x7jtpx9ar1ytsi4yxbp6a5o36gwhffs8zoxmbuptici1jy,2Z8M3ZVSVWD00,TAGGED
pxnu33x7jtpx9ar1ytsi4yxbp6a5o36gwhffs8zoxmbuptici1jy,2Z8M3ZVSVWD00,TAGGED
pxnu33x7jtpx9ar1ytsi4yxbp6a5o36gwhffs8zoxmbuptici1jy,2Z8M3ZVSVWD00,TAGGED
pxnu33x7jtpx9ar1ytsi4yxbp6a5o36gwhffs8zoxmbuptici1jy,2Z75P8H2TBK00,TAGGED
pxnu33x7jtpx9ar1ytsi4yxbp6a5o36gwhffs8zoxmbuptici1jy,2Z5W7KXCWQK00,TAGGED
pxnu33x7jtpx9ar1ytsi4yxbp6a5o36gwhffs8zoxmbuptici1jy,2Z5W7KXCWQK00,TAGGED
pxnu33x7jtpx9ar1ytsi4yxbp6a5o36gwhffs8zoxmbuptici1jy,2Z5W7KXCWQK00,TAGGED
pxnu33x7jtpx9ar1ytsi4yxbp6a5o36gwhffs8zoxmbuptici1jy,2Z5W7KXCWQK00,TAGGED
pxnu33x7jtpx9ar1ytsi4yxbp6a5o36gwhffs8zoxmbuptici1jy,2Z5W1DJT1MQG0,TAGGED
pxnu33x7jtpx9ar1ytsi4yxbp6a5o36gwhffs8zoxmbuptici1jy,2Z5TYWGC9D700,TAGGED
pxnu33x7jtpx9ar1ytsi4yxbp6a5o36gwhffs8zoxmbuptici1jy,2Z5TYWGC9D700,TAGGED
pxnu33x7jtpx9ar1ytsi4yxbp6a5o36gwhffs8zoxmbuptici1jy,2Z5TYWGC9D700,TAGGED
pxnu33x7jtpx9ar1ytsi4yxbp6a5o36gwhffs8zoxmbuptici1jy,2Z5TYWGC9D700,TAGGED
pxnu33x7jtpx9ar1ytsi4yxbp6a5o36gwhffs8zoxmbuptici1jy,2Z3Q6MJGQXT00,TAGGED
pxnu33x7jtpx9ar1ytsi4yxbp6a5o36gwhffs8zoxmbuptici1jy,2Z3Q6MJGQXT00,TAGGED
pxnu33x7jtpx9ar1ytsi4yxbp6a5o36gwhffs8zoxmbuptici1jy,2Z3D64GPYF4G0,TAGGED
pxnu33x7jtpx9ar1ytsi4yxbp6a5o36gwhffs8zoxmbuptici1jy,2Z3D64GPYF4G0,TAGGED
pxnu33x7jtpx9ar1ytsi4yxbp6a5o36gwhffs8zoxmbuptici1jy,2Z3D64GPYF4G0,TAGGED
pxnu33x7jtpx9ar1ytsi4yxbp6a5o36gwhffs8zoxmbuptici1jy,2Z3D64GPYF4G0,TAGGED
pxnu33x7jtpx9ar1ytsi4yxbp6a5o36gwhffs8zoxmbuptici1jy,2Z3D64GPYF4G0,TAGGED
pxnu33x7jtpx9ar1ytsi4yxbp6a5o36gwhffs8zoxmbuptici1jy,2Z3D64GPYF4G0,TAGGED
pxnu33x7jtpx9ar1ytsi4yxbp6a5o36gwhffs8zoxmbuptici1jy,2Z3D64GPYF4G0,TAGGED
pxnu33x7jtpx9ar1ytsi4yxbp6a5o36gwhffs8zoxmbuptici1jy,2Z29ACD50BQ00,TAGGED
pxnu33x7jtpx9ar1ytsi4yxbp6a5o36gwhffs8zoxmbuptici1jy,2Z29ACD50BQ00,TAGGED
pxnu33x7jtpx9ar1ytsi4yxbp6a5o36gwhffs8zoxmbuptici1jy,2Z29ACD50BQ00,TAGGED
pxnu33x7jtpx9ar1ytsi4yxbp6a5o36gwhffs8zoxmbuptici1jy,2Z23VQHKR6YG0,TAGGED
pxnu33x7jtpx9ar1ytsi4yxbp6a5o36gwhffs8zoxmbuptici1jy,2Z1P68V42JJ00,TAGGED
pxnu33x7jtpx9ar1ytsi4yxbp6a5o36gwhffs8zoxmbuptici1jy,2Z1P68V42JJ00,TAGGED
pxnu33x7jtpx9ar1ytsi4yxbp6a5o36gwhffs8zoxmbuptici1jy,2Z1P68V42JJ00,TAGGED
pxnu33x7jtpx9ar1ytsi4yxbp6a5o36gwhffs8zoxmbuptici1jy,2Z1P68V42JJ00,TAGGED
pxnu33x7jtpx9ar1ytsi4yxbp6a5o36gwhffs8zoxmbuptici1jy,2Z1P68V42JJ00,TAGGED
pxnu33x7jtpx9ar1ytsi4yxbp6a5o36gwhffs8zoxmbuptici1jy,2Z1P68V42JJ00,TAGGED
pxnu33x7jtpx9ar1ytsi4yxbp6a5o36gwhffs8zoxmbuptici1jy,2Z1P68V42JJ00,TAGGED
pxnu33x7jtpx9ar1ytsi4yxbp6a5o36gwhffs8zoxmbuptici1jy,2Z1P68V42JJ00,TAGGED
pxnu33x7jtpx9ar1ytsi4yxbp6a5o36gwhffs8zoxmbuptici1jy,2Z1P68V42JJ00,TAGGED
pxnu33x7jtpx9ar1ytsi4yxbp6a5o36gwhffs8zoxmbuptici1jy,2Z1P68V42JJ00,TAGGED
pxnu33x7jtpx9ar1ytsi4yxbp6a5o36gwhffs8zoxmbuptici1jy,2Z1P68V42JJ00,TAGGED
pxnu33x7jtpx9ar1ytsi4yxbp6a5o36gwhffs8zoxmbuptici1jy,2Z1P68V42JJ00,TAGGED
pxnu33x7jtpx9ar1ytsi4yxbp6a5o36gwhffs8zoxmbuptici1jy,2Z1N38NX16P00,TAGGED
pxnu33x7jtpx9ar1ytsi4yxbp6a5o36gwhffs8zoxmbuptici1jy,2Z1N38NX16P00,TAGGED
pxnu33x7jtpx9ar1ytsi4yxbp6a5o36gwhffs8zoxmbuptici1jy,2Z1N38NX16P00,TAGGED
pxnu33x7jtpx9ar1ytsi4yxbp6a5o36gwhffs8zoxmbuptici1jy,2Z1N38NX16P00,TAGGED
qnostbczowotpm8twnhjnzruyebjrpyfkf7ehxd1uxqgnjw1aqpo,2ZD54TZR9XS00,BOOKMARKED
qnostbczowotpm8twnhjnzruyebjrpyfkf7ehxd1uxqgnjw1aqpo,2ZD52PVKVSY00,BOOKMARKED
qnostbczowotpm8twnhjnzruyebjrpyfkf7ehxd1uxqgnjw1aqpo,2ZD58WJ3EK900,BOOKMARKED
qnostbczowotpm8twnhjnzruyebjrpyfkf7ehxd1uxqgnjw1aqpo,2ZD58WJ3EK900,BOOKMARKED
sazaz5yowshbkfbsqi4n47rbyn8xbmokmu8kft59iyjazjxo4jeo,2ZD6M4WB0X6G0,TAGGED
sazaz5yowshbkfbsqi4n47rbyn8xbmokmu8kft59iyjazjxo4jeo,2ZD6M4WB0X6G0,TAGGED
sazaz5yowshbkfbsqi4n47rbyn8xbmokmu8kft59iyjazjxo4jeo,2ZD6M4WB0X6G0,TAGGED
sazaz5yowshbkfbsqi4n47rbyn8xbmokmu8kft59iyjazjxo4jeo,2Z3GMSDMQJK00,TAGGED
sfgetccnq7s3h57a7imf6n7k5fqxus33yg85f1ndhnrnofjdmhjy,2ZEEM0CKE3CG0,BOOKMARKED
sfgetccnq7s3h57a7imf6n7k5fqxus33yg85f1ndhnrnofjdmhjy,2ZECRNM66G900,BOOKMARKED
uxni6dn45bbnd7mw6ypf3swoyey9wjntmjo4h1ph9xab1jfhp8do,2Z3HDTCCZB500,TAGGED
uxni6dn45bbnd7mw6ypf3swoyey9wjntmjo4h1ph9xab1jfhp8do,2Z3HDTCCZB500,TAGGED
uzisj5op5ynk83m9j1fnbfqnx44jbj4h9rjtzwbpt57nts19z1uy,2Z1N8QBEV03G0,TAGGED
uzisj5op5ynk83m9j1fnbfqnx44jbj4h9rjtzwbpt57nts19z1uy,2Z1N8QBEV03G0,TAGGED
uzisj5op5ynk83m9j1fnbfqnx44jbj4h9rjtzwbpt57nts19z1uy,2Z1N8QBETZ1G0,TAGGED
uzisj5op5ynk83m9j1fnbfqnx44jbj4h9rjtzwbpt57nts19z1uy,2Z1N8QBETZ1G0,TAGGED
uzisj5op5ynk83m9j1fnbfqnx44jbj4h9rjtzwbpt57nts19z1uy,2Z1N8QBETZ1G0,TAGGED
uzisj5op5ynk83m9j1fnbfqnx44jbj4h9rjtzwbpt57nts19z1uy,2Z1N8QBETZ1G0,TAGGED
uzisj5op5ynk83m9j1fnbfqnx44jbj4h9rjtzwbpt57nts19z1uy,2Z1N8QBETZ1G0,TAGGED
uzisj5op5ynk83m9j1fnbfqnx44jbj4h9rjtzwbpt57nts19z1uy,2Z1N8QBETZ1G0,TAGGED
uzisj5op5ynk83m9j1fnbfqnx44jbj4h9rjtzwbpt57nts19z1uy,2Z1N8QBETZ1G0,TAGGED
uzisj5op5ynk83m9j1fnbfqnx44jbj4h9rjtzwbpt57nts19z1uy,2Z1N8QBESY900,TAGGED
uzisj5op5ynk83m9j1fnbfqnx44jbj4h9rjtzwbpt57nts19z1uy,2Z1N8QBESY900,TAGGED
uzisj5op5ynk83m9j1fnbfqnx44jbj4h9rjtzwbpt57nts19z1uy,2Z1N8QBESY900,TAGGED
uzisj5op5ynk83m9j1fnbfqnx44jbj4h9rjtzwbpt57nts19z1uy,2Z1N8QBESY900,TAGGED
wyr5x8m3jtrih6di5jwfjgu865t8hg57yo8me3q74mnnpg5gs9yo,2Z2R1H784JD00,TAGGED
wyr5x8m3jtrih6di5jwfjgu865t8hg57yo8me3q74mnnpg5gs9yo,2Z2R1H784JD00,TAGGED
wyr5x8m3jtrih6di5jwfjgu865t8hg57yo8me3q74mnnpg5gs9yo,2Z2R1H784JD00,TAGGED
wyr5x8m3jtrih6di5jwfjgu865t8hg57yo8me3q74mnnpg5gs9yo,2Z2R1H784JD00,TAGGED
wyr5x8m3jtrih6di5jwfjgu865t8hg57yo8me3q74mnnpg5gs9yo,2Z2R1H784JD00,TAGGED
wyr5x8m3jtrih6di5jwfjgu865t8hg57yo8me3q74mnnpg5gs9yo,2Z1NDNKKXYV00,TAGGED
xgoium16biftc8z7ecrbwrdokdwr1xphdke4nuaqiutnihdmxmny,2Z1N9M56WZK00,TAGGED
xgoium16biftc8z7ecrbwrdokdwr1xphdke4nuaqiutnihdmxmny,2Z1N9M56WZK00,TAGGED
xzinu5xbj55y33kfxe9sgtu9a4gxqgywj68oi91g6apiym8kz6to,2Z1N9M56X1SG0,TAGGED
xzinu5xbj55y33kfxe9sgtu9a4gxqgywj68oi91g6apiym8kz6to,2Z1N9M56X5VG0,TAGGED
xzinu5xbj55y33kfxe9sgtu9a4gxqgywj68oi91g6apiym8kz6to,2Z1N9M56X5VG0,TAGGED
xzinu5xbj55y33kfxe9sgtu9a4gxqgywj68oi91g6apiym8kz6to,2Z1N9M56X5VG0,TAGGED
xzinu5xbj55y33kfxe9sgtu9a4gxqgywj68oi91g6apiym8kz6to,2Z1N9M56X5VG0,TAGGED
xzinu5xbj55y33kfxe9sgtu9a4gxqgywj68oi91g6apiym8kz6to,2Z1N9M56X5VG0,TAGGED
xzinu5xbj55y33kfxe9sgtu9a4gxqgywj68oi91g6apiym8kz6to,2Z1N9M56X5VG0,TAGGED
xzinu5xbj55y33kfxe9sgtu9a4gxqgywj68oi91g6apiym8kz6to,2Z1N9M56X5VG0,TAGGED
xzinu5xbj55y33kfxe9sgtu9a4gxqgywj68oi91g6apiym8kz6to,2Z1N9M56X5VG0,TAGGED
xzinu5xbj55y33kfxe9sgtu9a4gxqgywj68oi91g6apiym8kz6to,2Z1N9M56X5VG0,TAGGED
xzinu5xbj55y33kfxe9sgtu9a4gxqgywj68oi91g6apiym8kz6to,2Z1N9M56X1SG0,TAGGED
xzinu5xbj55y33kfxe9sgtu9a4gxqgywj68oi91g6apiym8kz6to,2Z1N9M56X1SG0,TAGGED
xzinu5xbj55y33kfxe9sgtu9a4gxqgywj68oi91g6apiym8kz6to,2Z1N9M56X1SG0,TAGGED
xzinu5xbj55y33kfxe9sgtu9a4gxqgywj68oi91g6apiym8kz6to,2Z1N9M56X1SG0,TAGGED
xzinu5xbj55y33kfxe9sgtu9a4gxqgywj68oi91g6apiym8kz6to,2Z1N9M56W9K00,TAGGED
xzinu5xbj55y33kfxe9sgtu9a4gxqgywj68oi91g6apiym8kz6to,2Z1N9M56W9K00,TAGGED
xzinu5xbj55y33kfxe9sgtu9a4gxqgywj68oi91g6apiym8kz6to,2Z1N9M56W9K00,TAGGED
xzinu5xbj55y33kfxe9sgtu9a4gxqgywj68oi91g6apiym8kz6to,2Z1N9M56W9K00,TAGGED
xzinu5xbj55y33kfxe9sgtu9a4gxqgywj68oi91g6apiym8kz6to,2Z1N9M56W9K00,TAGGED
xzinu5xbj55y33kfxe9sgtu9a4gxqgywj68oi91g6apiym8kz6to,2Z1N9M56W9K00,TAGGED
xzinu5xbj55y33kfxe9sgtu9a4gxqgywj68oi91g6apiym8kz6to,2Z1N9M56W9K00,TAGGED
xzinu5xbj55y33kfxe9sgtu9a4gxqgywj68oi91g6apiym8kz6to,2Z1N9M56WJKG0,TAGGED
xzinu5xbj55y33kfxe9sgtu9a4gxqgywj68oi91g6apiym8kz6to,2Z1N9M56WJKG0,TAGGED
xzinu5xbj55y33kfxe9sgtu9a4gxqgywj68oi91g6apiym8kz6to,2Z1N9M56WJKG0,TAGGED
xzinu5xbj55y33kfxe9sgtu9a4gxqgywj68oi91g6apiym8kz6to,2Z1N9M56WJKG0,TAGGED
xzinu5xbj55y33kfxe9sgtu9a4gxqgywj68oi91g6apiym8kz6to,2Z1N9M56WJKG0,TAGGED
xzinu5xbj55y33kfxe9sgtu9a4gxqgywj68oi91g6apiym8kz6to,2Z1N9M56WJKG0,TAGGED
xzinu5xbj55y33kfxe9sgtu9a4gxqgywj68oi91g6apiym8kz6to,2Z1N9M56WJKG0,TAGGED
xzinu5xbj55y33kfxe9sgtu9a4gxqgywj68oi91g6apiym8kz6to,2Z1N9M56WJKG0,TAGGED
xzinu5xbj55y33kfxe9sgtu9a4gxqgywj68oi91g6apiym8kz6to,2Z1N9M56WJKG0,TAGGED
xzinu5xbj55y33kfxe9sgtu9a4gxqgywj68oi91g6apiym8kz6to,2Z1N9M56WKE00,TAGGED
xzinu5xbj55y33kfxe9sgtu9a4gxqgywj68oi91g6apiym8kz6to,2Z1N9M56WKE00,TAGGED
xzinu5xbj55y33kfxe9sgtu9a4gxqgywj68oi91g6apiym8kz6to,2Z1N9M56WKE00,TAGGED
xzinu5xbj55y33kfxe9sgtu9a4gxqgywj68oi91g6apiym8kz6to,2Z1N9M56WKE00,TAGGED
xzinu5xbj55y33kfxe9sgtu9a4gxqgywj68oi91g6apiym8kz6to,2Z1N9M56WKE00,TAGGED
xzinu5xbj55y33kfxe9sgtu9a4gxqgywj68oi91g6apiym8kz6to,2Z1N9M56WKE00,TAGGED
xzinu5xbj55y33kfxe9sgtu9a4gxqgywj68oi91g6apiym8kz6to,2Z1N9M56WNX00,TAGGED
xzinu5xbj55y33kfxe9sgtu9a4gxqgywj68oi91g6apiym8kz6to,2Z1N9M56WNX00,TAGGED
xzinu5xbj55y33kfxe9sgtu9a4gxqgywj68oi91g6apiym8kz6to,2Z1N9M56WNX00,TAGGED
xzinu5xbj55y33kfxe9sgtu9a4gxqgywj68oi91g6apiym8kz6to,2Z1N9M56WNX00,TAGGED
xzinu5xbj55y33kfxe9sgtu9a4gxqgywj68oi91g6apiym8kz6to,2Z1N9M56WPS00,TAGGED
xzinu5xbj55y33kfxe9sgtu9a4gxqgywj68oi91g6apiym8kz6to,2Z1N9M56WPS00,TAGGED
xzinu5xbj55y33kfxe9sgtu9a4gxqgywj68oi91g6apiym8kz6to,2Z1N9M56WPS00,TAGGED
xzinu5xbj55y33kfxe9sgtu9a4gxqgywj68oi91g6apiym8kz6to,2Z1N9M56WYXG0,TAGGED
xzinu5xbj55y33kfxe9sgtu9a4gxqgywj68oi91g6apiym8kz6to,2Z1N9M56WYXG0,TAGGED
xzinu5xbj55y33kfxe9sgtu9a4gxqgywj68oi91g6apiym8kz6to,2Z1N9M56WYXG0,TAGGED
xzinu5xbj55y33kfxe9sgtu9a4gxqgywj68oi91g6apiym8kz6to,2Z1N9M56WYXG0,TAGGED
xzinu5xbj55y33kfxe9sgtu9a4gxqgywj68oi91g6apiym8kz6to,2Z1N9M56WYXG0,TAGGED
xzinu5xbj55y33kfxe9sgtu9a4gxqgywj68oi91g6apiym8kz6to,2Z1N9M56WYXG0,TAGGED
y4euc58gnmxun9wo87gwmanu6kztt9pgw1zz1yp1azp7trrsjamy,2ZCW1TGR5BKG0,BOOKMARKED
y4euc58gnmxun9wo87gwmanu6kztt9pgw1zz1yp1azp7trrsjamy,2Z23W99C75EG0,TAGGED
y4euc58gnmxun9wo87gwmanu6kztt9pgw1zz1yp1azp7trrsjamy,2ZDMBYCN25X00,TAGGED
y4euc58gnmxun9wo87gwmanu6kztt9pgw1zz1yp1azp7trrsjamy,2ZD54TZR9XS00,TAGGED
y4euc58gnmxun9wo87gwmanu6kztt9pgw1zz1yp1azp7trrsjamy,2ZD54TZR9XS00,TAGGED
y4euc58gnmxun9wo87gwmanu6kztt9pgw1zz1yp1azp7trrsjamy,2ZD52PVKVSY00,TAGGED
y4euc58gnmxun9wo87gwmanu6kztt9pgw1zz1yp1azp7trrsjamy,2ZD2GBAGJ4XG0,TAGGED
y4euc58gnmxun9wo87gwmanu6kztt9pgw1zz1yp1azp7trrsjamy,2ZD2GBAGJ4XG0,TAGGED
y4euc58gnmxun9wo87gwmanu6kztt9pgw1zz1yp1azp7trrsjamy,2ZD2GBAGJ4XG0,TAGGED
y4euc58gnmxun9wo87gwmanu6kztt9pgw1zz1yp1azp7trrsjamy,2ZD2GBAGJ4XG0,TAGGED
y4euc58gnmxun9wo87gwmanu6kztt9pgw1zz1yp1azp7trrsjamy,2ZD2GBAGJ4XG0,TAGGED
y4euc58gnmxun9wo87gwmanu6kztt9pgw1zz1yp1azp7trrsjamy,2ZCW1TGR5BKG0,TAGGED
y4euc58gnmxun9wo87gwmanu6kztt9pgw1zz1yp1azp7trrsjamy,2ZCW1TGR5BKG0,TAGGED
y4euc58gnmxun9wo87gwmanu6kztt9pgw1zz1yp1azp7trrsjamy,2ZCW1TGR5BKG0,TAGGED
y4euc58gnmxun9wo87gwmanu6kztt9pgw1zz1yp1azp7trrsjamy,2ZCW1TGR5BKG0,TAGGED
y4euc58gnmxun9wo87gwmanu6kztt9pgw1zz1yp1azp7trrsjamy,2ZCW1TGR5BKG0,TAGGED
y4euc58gnmxun9wo87gwmanu6kztt9pgw1zz1yp1azp7trrsjamy,2ZAWV6RJGHB00,TAGGED
y4euc58gnmxun9wo87gwmanu6kztt9pgw1zz1yp1azp7trrsjamy,2ZAWV6RJGHB00,TAGGED
y4euc58gnmxun9wo87gwmanu6kztt9pgw1zz1yp1azp7trrsjamy,2Z92MN2S4T9G0,TAGGED
y4euc58gnmxun9wo87gwmanu6kztt9pgw1zz1yp1azp7trrsjamy,2Z92MN2S4T9G0,TAGGED
y4euc58gnmxun9wo87gwmanu6kztt9pgw1zz1yp1azp7trrsjamy,2Z92MN2S4T9G0,TAGGED
y4euc58gnmxun9wo87gwmanu6kztt9pgw1zz1yp1azp7trrsjamy,2Z92MN2S4T9G0,TAGGED
y4euc58gnmxun9wo87gwmanu6kztt9pgw1zz1yp1azp7trrsjamy,2Z92MN2S4T9G0,TAGGED
y4euc58gnmxun9wo87gwmanu6kztt9pgw1zz1yp1azp7trrsjamy,2Z1P778B2G800,TAGGED
y4euc58gnmxun9wo87gwmanu6kztt9pgw1zz1yp1azp7trrsjamy,2Z1P778B2G800,TAGGED
y4euc58gnmxun9wo87gwmanu6kztt9pgw1zz1yp1azp7trrsjamy,2Z1P778B2G800,TAGGED
y4euc58gnmxun9wo87gwmanu6kztt9pgw1zz1yp1azp7trrsjamy,2Z1P778B2G800,TAGGED
y4euc58gnmxun9wo87gwmanu6kztt9pgw1zz1yp1azp7trrsjamy,2Z1P778B2G800,TAGGED
y4euc58gnmxun9wo87gwmanu6kztt9pgw1zz1yp1azp7trrsjamy,2Z23W99C75EG0,TAGGED
y4euc58gnmxun9wo87gwmanu6kztt9pgw1zz1yp1azp7trrsjamy,2Z23W99C75EG0,TAGGED
y4euc58gnmxun9wo87gwmanu6kztt9pgw1zz1yp1azp7trrsjamy,2Z23W99C75EG0,TAGGED
y4euc58gnmxun9wo87gwmanu6kztt9pgw1zz1yp1azp7trrsjamy,2Z23W99C75EG0,TAGGED
y4q8yahtdp6qqu8tzsde83p5zagnzou5cagq9jpt74df67wdt4to,2ZDN15FY672G0,BOOKMARKED
ym1rn4rfjg8857y13uuehc4tw6sfqtzpu881ycdj7iiyo6kqsspy,2ZB26RT500X00,TAGGED
ywng83zf5paobxptt8ipkdgq5karppe3edxy1kigb7kgwai56uxo,2ZD6EH3PEF000,TAGGED
ywng83zf5paobxptt8ipkdgq5karppe3edxy1kigb7kgwai56uxo,2ZD6EH3PEF000,TAGGED
ywng83zf5paobxptt8ipkdgq5karppe3edxy1kigb7kgwai56uxo,2ZD6CPRQTAC00,TAGGED
ywng83zf5paobxptt8ipkdgq5karppe3edxy1kigb7kgwai56uxo,2ZD5RQT277A00,TAGGED
ywng83zf5paobxptt8ipkdgq5karppe3edxy1kigb7kgwai56uxo,2ZD5RQT277A00,TAGGED
ywng83zf5paobxptt8ipkdgq5karppe3edxy1kigb7kgwai56uxo,2Z9NV94946Y00,TAGGED
ywng83zf5paobxptt8ipkdgq5karppe3edxy1kigb7kgwai56uxo,2Z9NV94946Y00,TAGGED
ywng83zf5paobxptt8ipkdgq5karppe3edxy1kigb7kgwai56uxo,2Z9NV94946Y00,TAGGED
ywng83zf5paobxptt8ipkdgq5karppe3edxy1kigb7kgwai56uxo,2Z9NV94946Y00,TAGGED
ywng83zf5paobxptt8ipkdgq5karppe3edxy1kigb7kgwai56uxo,2Z9NV94946Y00,TAGGED
ywng83zf5paobxptt8ipkdgq5karppe3edxy1kigb7kgwai56uxo,2Z9NV94946Y00,TAGGED
zdbg13k5gh4tfz9qz11quohrxetgqxs7awandu8h57147xddcuhy,2Z1N9M56X0XG0,TAGGED
zdbg13k5gh4tfz9qz11quohrxetgqxs7awandu8h57147xddcuhy,2Z1N9M56XA1G0,TAGGED
zdbg13k5gh4tfz9qz11quohrxetgqxs7awandu8h57147xddcuhy,2Z1N9M56XA1G0,TAGGED
zdbg13k5gh4tfz9qz11quohrxetgqxs7awandu8h57147xddcuhy,2Z1N9M56XA1G0,TAGGED
zdbg13k5gh4tfz9qz11quohrxetgqxs7awandu8h57147xddcuhy,2Z1N9M56XA1G0,TAGGED
zdbg13k5gh4tfz9qz11quohrxetgqxs7awandu8h57147xddcuhy,2Z1N9M56XA1G0,TAGGED
zdbg13k5gh4tfz9qz11quohrxetgqxs7awandu8h57147xddcuhy,2Z1N9M56XA1G0,TAGGED
zdbg13k5gh4tfz9qz11quohrxetgqxs7awandu8h57147xddcuhy,2Z1N9M56XA1G0,TAGGED
zdbg13k5gh4tfz9qz11quohrxetgqxs7awandu8h57147xddcuhy,2Z1N9M56XA1G0,TAGGED
zdbg13k5gh4tfz9qz11quohrxetgqxs7awandu8h57147xddcuhy,2Z1N9M56X7DG0,TAGGED
zdbg13k5gh4tfz9qz11quohrxetgqxs7awandu8h57147xddcuhy,2Z1N9M56X7DG0,TAGGED
zdbg13k5gh4tfz9qz11quohrxetgqxs7awandu8h57147xddcuhy,2Z1N9M56X7DG0,TAGGED
zdbg13k5gh4tfz9qz11quohrxetgqxs7awandu8h57147xddcuhy,2Z1N9M56X7DG0,TAGGED
zdbg13k5gh4tfz9qz11quohrxetgqxs7awandu8h57147xddcuhy,2Z1N9M56X7DG0,TAGGED
zdbg13k5gh4tfz9qz11quohrxetgqxs7awandu8h57147xddcuhy,2Z1N9M56X7DG0,TAGGED
zdbg13k5gh4tfz9qz11quohrxetgqxs7awandu8h57147xddcuhy,2Z1N9M56X7DG0,TAGGED
zdbg13k5gh4tfz9qz11quohrxetgqxs7awandu8h57147xddcuhy,2Z1N9M56X7DG0,TAGGED
zdbg13k5gh4tfz9qz11quohrxetgqxs7awandu8h57147xddcuhy,2Z1N9M56X7DG0,TAGGED
zdbg13k5gh4tfz9qz11quohrxetgqxs7awandu8h57147xddcuhy,2Z1N9M56X0XG0,TAGGED
zdbg13k5gh4tfz9qz11quohrxetgqxs7awandu8h57147xddcuhy,2Z1N9M56W2DG0,TAGGED
zdbg13k5gh4tfz9qz11quohrxetgqxs7awandu8h57147xddcuhy,2Z1N9M56W2DG0,TAGGED
zdbg13k5gh4tfz9qz11quohrxetgqxs7awandu8h57147xddcuhy,2Z1N9M56W2DG0,TAGGED
zdbg13k5gh4tfz9qz11quohrxetgqxs7awandu8h57147xddcuhy,2Z1N9M56W2DG0,TAGGED
zdbg13k5gh4tfz9qz11quohrxetgqxs7awandu8h57147xddcuhy,2Z1N9M56W2DG0,TAGGED
zdbg13k5gh4tfz9qz11quohrxetgqxs7awandu8h57147xddcuhy,2Z1N9M56W2DG0,TAGGED
zdbg13k5gh4tfz9qz11quohrxetgqxs7awandu8h57147xddcuhy,2Z1N9M56W2DG0,TAGGED
zdbg13k5gh4tfz9qz11quohrxetgqxs7awandu8h57147xddcuhy,2Z1N9M56W2DG0,TAGGED
zdbg13k5gh4tfz9qz11quohrxetgqxs7awandu8h57147xddcuhy,2Z1N9M56W8D00,TAGGED
zdbg13k5gh4tfz9qz11quohrxetgqxs7awandu8h57147xddcuhy,2Z1N9M56W8D00,TAGGED
zdbg13k5gh4tfz9qz11quohrxetgqxs7awandu8h57147xddcuhy,2Z1N9M56W8D00,TAGGED
zdbg13k5gh4tfz9qz11quohrxetgqxs7awandu8h57147xddcuhy,2Z1N9M56W8D00,TAGGED
zdbg13k5gh4tfz9qz11quohrxetgqxs7awandu8h57147xddcuhy,2Z1N9M56W8D00,TAGGED
zdbg13k5gh4tfz9qz11quohrxetgqxs7awandu8h57147xddcuhy,2Z1N9M56W8D00,TAGGED
zdbg13k5gh4tfz9qz11quohrxetgqxs7awandu8h57147xddcuhy,2Z1N9M56W8D00,TAGGED
zdbg13k5gh4tfz9qz11quohrxetgqxs7awandu8h57147xddcuhy,2Z1N9M56W8D00,TAGGED
zdbg13k5gh4tfz9qz11quohrxetgqxs7awandu8h57147xddcuhy,2Z1N9M56W8D00,TAGGED
zdbg13k5gh4tfz9qz11quohrxetgqxs7awandu8h57147xddcuhy,2Z1N9M56WHQG0,TAGGED
zdbg13k5gh4tfz9qz11quohrxetgqxs7awandu8h57147xddcuhy,2Z1N9M56WHQG0,TAGGED
zdbg13k5gh4tfz9qz11quohrxetgqxs7awandu8h57147xddcuhy,2Z1N9M56WHQG0,TAGGED
zdbg13k5gh4tfz9qz11quohrxetgqxs7awandu8h57147xddcuhy,2Z1N9M56WHQG0,TAGGED
zdbg13k5gh4tfz9qz11quohrxetgqxs7awandu8h57147xddcuhy,2Z1N9M56WHQG0,TAGGED
zdbg13k5gh4tfz9qz11quohrxetgqxs7awandu8h57147xddcuhy,2Z1N9M56WHQG0,TAGGED
zdbg13k5gh4tfz9qz11quohrxetgqxs7awandu8h57147xddcuhy,2Z1N9M56WHQG0,TAGGED
zdbg13k5gh4tfz9qz11quohrxetgqxs7awandu8h57147xddcuhy,2Z1N9M56WHQG0,TAGGED
zdbg13k5gh4tfz9qz11quohrxetgqxs7awandu8h57147xddcuhy,2Z1N9M56WREG0,TAGGED
zdbg13k5gh4tfz9qz11quohrxetgqxs7awandu8h57147xddcuhy,2Z1N9M56WREG0,TAGGED
zdbg13k5gh4tfz9qz11quohrxetgqxs7awandu8h57147xddcuhy,2Z1N9M56WREG0,TAGGED
zdbg13k5gh4tfz9qz11quohrxetgqxs7awandu8h57147xddcuhy,2Z1N9M56WREG0,TAGGED
zdbg13k5gh4tfz9qz11quohrxetgqxs7awandu8h57147xddcuhy,2Z1N9M56WREG0,TAGGED
zdbg13k5gh4tfz9qz11quohrxetgqxs7awandu8h57147xddcuhy,2Z1N9M56WREG0,TAGGED
zdbg13k5gh4tfz9qz11quohrxetgqxs7awandu8h57147xddcuhy,2Z1N9M56X0XG0,TAGGED
zdbg13k5gh4tfz9qz11quohrxetgqxs7awandu8h57147xddcuhy,2Z1N9M56X0XG0,TAGGED
ze86rtgp6x1qdyno4uzp8gexbb887dtemmonoh4j3iisbzitcppo,2Z1NB44D42MG0,TAGGED
ze86rtgp6x1qdyno4uzp8gexbb887dtemmonoh4j3iisbzitcppo,2Z1NB44D42MG0,TAGGED
ze86rtgp6x1qdyno4uzp8gexbb887dtemmonoh4j3iisbzitcppo,2Z1NB44D42MG0,TAGGED
zs9siw6qwazjk5beh6pu95nonzq1prp5oe3rbb916u67aiq5hezy,2Z1N9M56VY8G0,TAGGED
zs9siw6qwazjk5beh6pu95nonzq1prp5oe3rbb916u67aiq5hezy,2Z1N9M56VY8G0,TAGGED
zs9siw6qwazjk5beh6pu95nonzq1prp5oe3rbb916u67aiq5hezy,2Z1N9M56VY8G0,TAGGED
zs9siw6qwazjk5beh6pu95nonzq1prp5oe3rbb916u67aiq5hezy,2Z1N9M56W3CG0,TAGGED
zs9siw6qwazjk5beh6pu95nonzq1prp5oe3rbb916u67aiq5hezy,2Z1N9M56W3CG0,TAGGED
zs9siw6qwazjk5beh6pu95nonzq1prp5oe3rbb916u67aiq5hezy,2Z1N9M56WTQG0,TAGGED
zs9siw6qwazjk5beh6pu95nonzq1prp5oe3rbb916u67aiq5hezy,2Z1N9M56WTQG0,TAGGED
zs9siw6qwazjk5beh6pu95nonzq1prp5oe3rbb916u67aiq5hezy,2Z1N9M56X3N00,TAGGED
zs9siw6qwazjk5beh6pu95nonzq1prp5oe3rbb916u67aiq5hezy,2Z1N9M56X3N00,TAGGED
zs9siw6qwazjk5beh6pu95nonzq1prp5oe3rbb916u67aiq5hezy,2Z1N9M56X3N00,TAGGED
zs9siw6qwazjk5beh6pu95nonzq1prp5oe3rbb916u67aiq5hezy,2Z1N9M56X3N00,TAGGED
zs9siw6qwazjk5beh6pu95nonzq1prp5oe3rbb916u67aiq5hezy,2Z1N9M56X3N00,TAGGED
zs9siw6qwazjk5beh6pu95nonzq1prp5oe3rbb916u67aiq5hezy,2Z1N9M56X9M00,TAGGED
zs9siw6qwazjk5beh6pu95nonzq1prp5oe3rbb916u67aiq5hezy,2Z1N9M56X9M00,TAGGED
zs9siw6qwazjk5beh6pu95nonzq1prp5oe3rbb916u67aiq5hezy,2Z1N9M56X9M00,TAGGED
zs9siw6qwazjk5beh6pu95nonzq1prp5oe3rbb916u67aiq5hezy,2Z1N9M56X9M00,TAGGED
zs9siw6qwazjk5beh6pu95nonzq1prp5oe3rbb916u67aiq5hezy,2Z1N9M56X9M00,TAGGED
